2024-06-20 16:52:40,565 [Worker-1: Loading available Gradle versions] INFO  o.e.b.c.i.u.g.PublishedGradleVersions - Gradle version information cache is up-to-date. Trying to read.
2024-06-20 16:53:29,937 [Worker-1: Loading available Gradle versions] INFO  o.e.b.c.i.u.g.PublishedGradleVersions - Gradle version information cache is up-to-date. Trying to read.
2024-06-20 16:56:11,672 [Worker-9: Updating Maven Dependencies] INFO  o.e.m.c.i.e.AbstractTransferListenerAdapter - Downloading https://repo.maven.apache.org/maven2/org/apache/maven/plugins/maven-clean-plugin/3.2.0/maven-clean-plugin-3.2.0.jar
2024-06-20 16:56:14,815 [Worker-9: Updating Maven Dependencies] INFO  o.e.m.c.i.e.AbstractTransferListenerAdapter - Downloaded https://repo.maven.apache.org/maven2/org/apache/maven/plugins/maven-clean-plugin/3.2.0/maven-clean-plugin-3.2.0.jar
2024-06-20 16:56:15,293 [Worker-9: Updating Maven Dependencies] INFO  o.e.m.c.i.e.AbstractTransferListenerAdapter - Downloading https://repo.maven.apache.org/maven2/org/apache/maven/plugins/maven-resources-plugin/3.3.1/maven-resources-plugin-3.3.1.jar
2024-06-20 16:56:15,863 [Worker-9: Updating Maven Dependencies] INFO  o.e.m.c.i.e.AbstractTransferListenerAdapter - Downloaded https://repo.maven.apache.org/maven2/org/apache/maven/plugins/maven-resources-plugin/3.3.1/maven-resources-plugin-3.3.1.jar
2024-06-20 16:56:16,189 [Worker-9: Updating Maven Dependencies] INFO  o.e.m.c.i.e.AbstractTransferListenerAdapter - Downloading https://repo.maven.apache.org/maven2/org/apache/maven/plugins/maven-compiler-plugin/3.11.0/maven-compiler-plugin-3.11.0.jar
2024-06-20 16:56:16,372 [Worker-9: Updating Maven Dependencies] INFO  o.e.m.c.i.e.AbstractTransferListenerAdapter - Downloaded https://repo.maven.apache.org/maven2/org/apache/maven/plugins/maven-compiler-plugin/3.11.0/maven-compiler-plugin-3.11.0.jar
2024-06-20 16:56:16,497 [Worker-9: Updating Maven Dependencies] INFO  o.e.m.c.i.e.AbstractTransferListenerAdapter - Downloading https://repo.maven.apache.org/maven2/org/apache/maven/plugins/maven-surefire-plugin/3.2.2/maven-surefire-plugin-3.2.2.jar
2024-06-20 16:56:17,041 [Worker-9: Updating Maven Dependencies] INFO  o.e.m.c.i.e.AbstractTransferListenerAdapter - Downloaded https://repo.maven.apache.org/maven2/org/apache/maven/plugins/maven-surefire-plugin/3.2.2/maven-surefire-plugin-3.2.2.jar
2024-06-20 16:56:17,317 [Worker-9: Updating Maven Dependencies] INFO  o.e.m.c.i.e.AbstractTransferListenerAdapter - Downloading https://repo.maven.apache.org/maven2/org/apache/maven/plugins/maven-war-plugin/3.4.0/maven-war-plugin-3.4.0.jar
2024-06-20 16:56:17,416 [Worker-9: Updating Maven Dependencies] INFO  o.e.m.c.i.e.AbstractTransferListenerAdapter - Downloaded https://repo.maven.apache.org/maven2/org/apache/maven/plugins/maven-war-plugin/3.4.0/maven-war-plugin-3.4.0.jar
2024-06-20 16:56:17,569 [Worker-9: Updating Maven Dependencies] INFO  o.e.m.c.i.e.AbstractTransferListenerAdapter - Downloading https://repo.maven.apache.org/maven2/org/apache/maven/plugins/maven-install-plugin/3.1.1/maven-install-plugin-3.1.1.jar
2024-06-20 16:56:18,107 [Worker-9: Updating Maven Dependencies] INFO  o.e.m.c.i.e.AbstractTransferListenerAdapter - Downloaded https://repo.maven.apache.org/maven2/org/apache/maven/plugins/maven-install-plugin/3.1.1/maven-install-plugin-3.1.1.jar
2024-06-20 16:56:18,507 [Worker-9: Updating Maven Dependencies] INFO  o.e.m.c.i.e.AbstractTransferListenerAdapter - Downloading https://repo.maven.apache.org/maven2/org/apache/maven/plugins/maven-deploy-plugin/3.1.1/maven-deploy-plugin-3.1.1.jar
2024-06-20 16:56:19,055 [Worker-9: Updating Maven Dependencies] INFO  o.e.m.c.i.e.AbstractTransferListenerAdapter - Downloaded https://repo.maven.apache.org/maven2/org/apache/maven/plugins/maven-deploy-plugin/3.1.1/maven-deploy-plugin-3.1.1.jar
2024-06-20 16:56:19,518 [Worker-9: Updating Maven Dependencies] INFO  o.e.m.c.i.e.AbstractTransferListenerAdapter - Downloading https://repo.maven.apache.org/maven2/org/apache/maven/plugins/maven-site-plugin/3.12.1/maven-site-plugin-3.12.1.jar
2024-06-20 16:56:19,572 [Worker-9: Updating Maven Dependencies] INFO  o.e.m.c.i.e.AbstractTransferListenerAdapter - Downloaded https://repo.maven.apache.org/maven2/org/apache/maven/plugins/maven-site-plugin/3.12.1/maven-site-plugin-3.12.1.jar
2024-06-20 16:56:19,680 [Worker-9: Updating Maven Dependencies] INFO  o.e.m.c.i.e.AbstractTransferListenerAdapter - Downloading https://repo.maven.apache.org/maven2/org/apache/maven/plugins/maven-compiler-plugin/3.11.0/maven-compiler-plugin-3.11.0.pom
2024-06-20 16:56:19,791 [Worker-9: Updating Maven Dependencies] INFO  o.e.m.c.i.e.AbstractTransferListenerAdapter - Downloaded https://repo.maven.apache.org/maven2/org/apache/maven/plugins/maven-compiler-plugin/3.11.0/maven-compiler-plugin-3.11.0.pom
2024-06-20 16:56:19,854 [Worker-9: Updating Maven Dependencies] INFO  o.e.m.c.i.e.AbstractTransferListenerAdapter - Downloading https://repo.maven.apache.org/maven2/org/apache/maven/plugins/maven-plugins/39/maven-plugins-39.pom
2024-06-20 16:56:19,892 [Worker-9: Updating Maven Dependencies] INFO  o.e.m.c.i.e.AbstractTransferListenerAdapter - Downloaded https://repo.maven.apache.org/maven2/org/apache/maven/plugins/maven-plugins/39/maven-plugins-39.pom
2024-06-20 16:56:19,919 [Worker-9: Updating Maven Dependencies] INFO  o.e.m.c.i.e.AbstractTransferListenerAdapter - Downloading https://repo.maven.apache.org/maven2/org/apache/maven/maven-parent/39/maven-parent-39.pom
2024-06-20 16:56:20,028 [Worker-9: Updating Maven Dependencies] INFO  o.e.m.c.i.e.AbstractTransferListenerAdapter - Downloaded https://repo.maven.apache.org/maven2/org/apache/maven/maven-parent/39/maven-parent-39.pom
2024-06-20 16:56:20,175 [Worker-9: Updating Maven Dependencies] INFO  o.e.m.c.i.e.AbstractTransferListenerAdapter - Downloading https://repo.maven.apache.org/maven2/org/apache/apache/29/apache-29.pom
2024-06-20 16:56:20,442 [Worker-9: Updating Maven Dependencies] INFO  o.e.m.c.i.e.AbstractTransferListenerAdapter - Downloaded https://repo.maven.apache.org/maven2/org/apache/apache/29/apache-29.pom
2024-06-20 16:56:20,568 [Worker-9: Updating Maven Dependencies] INFO  o.e.m.c.i.e.AbstractTransferListenerAdapter - Downloading https://repo.maven.apache.org/maven2/org/apache/maven/shared/maven-shared-utils/3.3.4/maven-shared-utils-3.3.4.pom
2024-06-20 16:56:20,609 [Worker-9: Updating Maven Dependencies] INFO  o.e.m.c.i.e.AbstractTransferListenerAdapter - Downloaded https://repo.maven.apache.org/maven2/org/apache/maven/shared/maven-shared-utils/3.3.4/maven-shared-utils-3.3.4.pom
2024-06-20 16:56:20,640 [Worker-9: Updating Maven Dependencies] INFO  o.e.m.c.i.e.AbstractTransferListenerAdapter - Downloading https://repo.maven.apache.org/maven2/org/apache/maven/shared/maven-shared-components/34/maven-shared-components-34.pom
2024-06-20 16:56:20,678 [Worker-9: Updating Maven Dependencies] INFO  o.e.m.c.i.e.AbstractTransferListenerAdapter - Downloaded https://repo.maven.apache.org/maven2/org/apache/maven/shared/maven-shared-components/34/maven-shared-components-34.pom
2024-06-20 16:56:20,707 [Worker-9: Updating Maven Dependencies] INFO  o.e.m.c.i.e.AbstractTransferListenerAdapter - Downloading https://repo.maven.apache.org/maven2/org/apache/maven/maven-parent/34/maven-parent-34.pom
2024-06-20 16:56:20,755 [Worker-9: Updating Maven Dependencies] INFO  o.e.m.c.i.e.AbstractTransferListenerAdapter - Downloaded https://repo.maven.apache.org/maven2/org/apache/maven/maven-parent/34/maven-parent-34.pom
2024-06-20 16:56:20,812 [Worker-9: Updating Maven Dependencies] INFO  o.e.m.c.i.e.AbstractTransferListenerAdapter - Downloading https://repo.maven.apache.org/maven2/org/apache/apache/23/apache-23.pom
2024-06-20 16:56:20,856 [Worker-9: Updating Maven Dependencies] INFO  o.e.m.c.i.e.AbstractTransferListenerAdapter - Downloaded https://repo.maven.apache.org/maven2/org/apache/apache/23/apache-23.pom
2024-06-20 16:56:20,916 [Worker-9: Updating Maven Dependencies] INFO  o.e.m.c.i.e.AbstractTransferListenerAdapter - Downloading https://repo.maven.apache.org/maven2/commons-io/commons-io/2.6/commons-io-2.6.pom
2024-06-20 16:56:20,962 [Worker-9: Updating Maven Dependencies] INFO  o.e.m.c.i.e.AbstractTransferListenerAdapter - Downloaded https://repo.maven.apache.org/maven2/commons-io/commons-io/2.6/commons-io-2.6.pom
2024-06-20 16:56:21,012 [Worker-9: Updating Maven Dependencies] INFO  o.e.m.c.i.e.AbstractTransferListenerAdapter - Downloading https://repo.maven.apache.org/maven2/org/apache/commons/commons-parent/42/commons-parent-42.pom
2024-06-20 16:56:21,119 [Worker-9: Updating Maven Dependencies] INFO  o.e.m.c.i.e.AbstractTransferListenerAdapter - Downloaded https://repo.maven.apache.org/maven2/org/apache/commons/commons-parent/42/commons-parent-42.pom
2024-06-20 16:56:21,210 [Worker-9: Updating Maven Dependencies] INFO  o.e.m.c.i.e.AbstractTransferListenerAdapter - Downloading https://repo.maven.apache.org/maven2/org/apache/apache/18/apache-18.pom
2024-06-20 16:56:21,255 [Worker-9: Updating Maven Dependencies] INFO  o.e.m.c.i.e.AbstractTransferListenerAdapter - Downloaded https://repo.maven.apache.org/maven2/org/apache/apache/18/apache-18.pom
2024-06-20 16:56:21,309 [Worker-9: Updating Maven Dependencies] INFO  o.e.m.c.i.e.AbstractTransferListenerAdapter - Downloading https://repo.maven.apache.org/maven2/org/apache/maven/shared/maven-shared-incremental/1.1/maven-shared-incremental-1.1.pom
2024-06-20 16:56:21,351 [Worker-9: Updating Maven Dependencies] INFO  o.e.m.c.i.e.AbstractTransferListenerAdapter - Downloaded https://repo.maven.apache.org/maven2/org/apache/maven/shared/maven-shared-incremental/1.1/maven-shared-incremental-1.1.pom
2024-06-20 16:56:21,385 [Worker-9: Updating Maven Dependencies] INFO  o.e.m.c.i.e.AbstractTransferListenerAdapter - Downloading https://repo.maven.apache.org/maven2/org/apache/maven/shared/maven-shared-components/19/maven-shared-components-19.pom
2024-06-20 16:56:21,425 [Worker-9: Updating Maven Dependencies] INFO  o.e.m.c.i.e.AbstractTransferListenerAdapter - Downloaded https://repo.maven.apache.org/maven2/org/apache/maven/shared/maven-shared-components/19/maven-shared-components-19.pom
2024-06-20 16:56:21,458 [Worker-9: Updating Maven Dependencies] INFO  o.e.m.c.i.e.AbstractTransferListenerAdapter - Downloading https://repo.maven.apache.org/maven2/org/apache/maven/maven-parent/23/maven-parent-23.pom
2024-06-20 16:56:21,513 [Worker-9: Updating Maven Dependencies] INFO  o.e.m.c.i.e.AbstractTransferListenerAdapter - Downloaded https://repo.maven.apache.org/maven2/org/apache/maven/maven-parent/23/maven-parent-23.pom
2024-06-20 16:56:21,576 [Worker-9: Updating Maven Dependencies] INFO  o.e.m.c.i.e.AbstractTransferListenerAdapter - Downloading https://repo.maven.apache.org/maven2/org/apache/apache/13/apache-13.pom
2024-06-20 16:56:21,629 [Worker-9: Updating Maven Dependencies] INFO  o.e.m.c.i.e.AbstractTransferListenerAdapter - Downloaded https://repo.maven.apache.org/maven2/org/apache/apache/13/apache-13.pom
2024-06-20 16:56:21,682 [Worker-9: Updating Maven Dependencies] INFO  o.e.m.c.i.e.AbstractTransferListenerAdapter - Downloading https://repo.maven.apache.org/maven2/org/codehaus/plexus/plexus-component-annotations/1.5.5/plexus-component-annotations-1.5.5.pom
2024-06-20 16:56:21,736 [Worker-9: Updating Maven Dependencies] INFO  o.e.m.c.i.e.AbstractTransferListenerAdapter - Downloaded https://repo.maven.apache.org/maven2/org/codehaus/plexus/plexus-component-annotations/1.5.5/plexus-component-annotations-1.5.5.pom
2024-06-20 16:56:21,764 [Worker-9: Updating Maven Dependencies] INFO  o.e.m.c.i.e.AbstractTransferListenerAdapter - Downloading https://repo.maven.apache.org/maven2/org/codehaus/plexus/plexus-containers/1.5.5/plexus-containers-1.5.5.pom
2024-06-20 16:56:21,807 [Worker-9: Updating Maven Dependencies] INFO  o.e.m.c.i.e.AbstractTransferListenerAdapter - Downloaded https://repo.maven.apache.org/maven2/org/codehaus/plexus/plexus-containers/1.5.5/plexus-containers-1.5.5.pom
2024-06-20 16:56:21,847 [Worker-9: Updating Maven Dependencies] INFO  o.e.m.c.i.e.AbstractTransferListenerAdapter - Downloading https://repo.maven.apache.org/maven2/org/codehaus/plexus/plexus/2.0.7/plexus-2.0.7.pom
2024-06-20 16:56:21,892 [Worker-9: Updating Maven Dependencies] INFO  o.e.m.c.i.e.AbstractTransferListenerAdapter - Downloaded https://repo.maven.apache.org/maven2/org/codehaus/plexus/plexus/2.0.7/plexus-2.0.7.pom
2024-06-20 16:56:22,014 [Worker-9: Updating Maven Dependencies] INFO  o.e.m.c.i.e.AbstractTransferListenerAdapter - Downloading https://repo.maven.apache.org/maven2/org/codehaus/plexus/plexus-java/1.1.2/plexus-java-1.1.2.pom
2024-06-20 16:56:22,072 [Worker-9: Updating Maven Dependencies] INFO  o.e.m.c.i.e.AbstractTransferListenerAdapter - Downloaded https://repo.maven.apache.org/maven2/org/codehaus/plexus/plexus-java/1.1.2/plexus-java-1.1.2.pom
2024-06-20 16:56:22,126 [Worker-9: Updating Maven Dependencies] INFO  o.e.m.c.i.e.AbstractTransferListenerAdapter - Downloading https://repo.maven.apache.org/maven2/org/codehaus/plexus/plexus-languages/1.1.2/plexus-languages-1.1.2.pom
2024-06-20 16:56:22,161 [Worker-9: Updating Maven Dependencies] INFO  o.e.m.c.i.e.AbstractTransferListenerAdapter - Downloaded https://repo.maven.apache.org/maven2/org/codehaus/plexus/plexus-languages/1.1.2/plexus-languages-1.1.2.pom
2024-06-20 16:56:22,190 [Worker-9: Updating Maven Dependencies] INFO  o.e.m.c.i.e.AbstractTransferListenerAdapter - Downloading https://repo.maven.apache.org/maven2/org/codehaus/plexus/plexus/10/plexus-10.pom
2024-06-20 16:56:22,301 [Worker-9: Updating Maven Dependencies] INFO  o.e.m.c.i.e.AbstractTransferListenerAdapter - Downloaded https://repo.maven.apache.org/maven2/org/codehaus/plexus/plexus/10/plexus-10.pom
2024-06-20 16:56:22,356 [Worker-9: Updating Maven Dependencies] INFO  o.e.m.c.i.e.AbstractTransferListenerAdapter - Downloading https://repo.maven.apache.org/maven2/org/ow2/asm/asm/9.4/asm-9.4.pom
2024-06-20 16:56:22,420 [Worker-9: Updating Maven Dependencies] INFO  o.e.m.c.i.e.AbstractTransferListenerAdapter - Downloaded https://repo.maven.apache.org/maven2/org/ow2/asm/asm/9.4/asm-9.4.pom
2024-06-20 16:56:22,476 [Worker-9: Updating Maven Dependencies] INFO  o.e.m.c.i.e.AbstractTransferListenerAdapter - Downloading https://repo.maven.apache.org/maven2/org/ow2/ow2/1.5.1/ow2-1.5.1.pom
2024-06-20 16:56:22,535 [Worker-9: Updating Maven Dependencies] INFO  o.e.m.c.i.e.AbstractTransferListenerAdapter - Downloaded https://repo.maven.apache.org/maven2/org/ow2/ow2/1.5.1/ow2-1.5.1.pom
2024-06-20 16:56:22,632 [Worker-9: Updating Maven Dependencies] INFO  o.e.m.c.i.e.AbstractTransferListenerAdapter - Downloading https://repo.maven.apache.org/maven2/com/thoughtworks/qdox/qdox/2.0.3/qdox-2.0.3.pom
2024-06-20 16:56:22,721 [Worker-9: Updating Maven Dependencies] INFO  o.e.m.c.i.e.AbstractTransferListenerAdapter - Downloaded https://repo.maven.apache.org/maven2/com/thoughtworks/qdox/qdox/2.0.3/qdox-2.0.3.pom
2024-06-20 16:56:22,812 [Worker-9: Updating Maven Dependencies] INFO  o.e.m.c.i.e.AbstractTransferListenerAdapter - Downloading https://repo.maven.apache.org/maven2/org/sonatype/oss/oss-parent/9/oss-parent-9.pom
2024-06-20 16:56:22,850 [Worker-9: Updating Maven Dependencies] INFO  o.e.m.c.i.e.AbstractTransferListenerAdapter - Downloaded https://repo.maven.apache.org/maven2/org/sonatype/oss/oss-parent/9/oss-parent-9.pom
2024-06-20 16:56:22,887 [Worker-9: Updating Maven Dependencies] INFO  o.e.m.c.i.e.AbstractTransferListenerAdapter - Downloading https://repo.maven.apache.org/maven2/org/codehaus/plexus/plexus-compiler-api/2.13.0/plexus-compiler-api-2.13.0.pom
2024-06-20 16:56:22,919 [Worker-9: Updating Maven Dependencies] INFO  o.e.m.c.i.e.AbstractTransferListenerAdapter - Downloaded https://repo.maven.apache.org/maven2/org/codehaus/plexus/plexus-compiler-api/2.13.0/plexus-compiler-api-2.13.0.pom
2024-06-20 16:56:22,995 [Worker-9: Updating Maven Dependencies] INFO  o.e.m.c.i.e.AbstractTransferListenerAdapter - Downloading https://repo.maven.apache.org/maven2/org/codehaus/plexus/plexus-compiler/2.13.0/plexus-compiler-2.13.0.pom
2024-06-20 16:56:23,056 [Worker-9: Updating Maven Dependencies] INFO  o.e.m.c.i.e.AbstractTransferListenerAdapter - Downloaded https://repo.maven.apache.org/maven2/org/codehaus/plexus/plexus-compiler/2.13.0/plexus-compiler-2.13.0.pom
2024-06-20 16:56:23,116 [Worker-9: Updating Maven Dependencies] INFO  o.e.m.c.i.e.AbstractTransferListenerAdapter - Downloading https://repo.maven.apache.org/maven2/org/codehaus/plexus/plexus-components/10.0/plexus-components-10.0.pom
2024-06-20 16:56:23,154 [Worker-9: Updating Maven Dependencies] INFO  o.e.m.c.i.e.AbstractTransferListenerAdapter - Downloaded https://repo.maven.apache.org/maven2/org/codehaus/plexus/plexus-components/10.0/plexus-components-10.0.pom
2024-06-20 16:56:23,188 [Worker-9: Updating Maven Dependencies] INFO  o.e.m.c.i.e.AbstractTransferListenerAdapter - Downloading https://repo.maven.apache.org/maven2/org/junit/junit-bom/5.9.1/junit-bom-5.9.1.pom
2024-06-20 16:56:23,225 [Worker-9: Updating Maven Dependencies] INFO  o.e.m.c.i.e.AbstractTransferListenerAdapter - Downloaded https://repo.maven.apache.org/maven2/org/junit/junit-bom/5.9.1/junit-bom-5.9.1.pom
2024-06-20 16:56:23,304 [Worker-9: Updating Maven Dependencies] INFO  o.e.m.c.i.e.AbstractTransferListenerAdapter - Downloading https://repo.maven.apache.org/maven2/org/codehaus/plexus/plexus-utils/3.5.0/plexus-utils-3.5.0.pom
2024-06-20 16:56:23,346 [Worker-9: Updating Maven Dependencies] INFO  o.e.m.c.i.e.AbstractTransferListenerAdapter - Downloaded https://repo.maven.apache.org/maven2/org/codehaus/plexus/plexus-utils/3.5.0/plexus-utils-3.5.0.pom
2024-06-20 16:56:23,383 [Worker-9: Updating Maven Dependencies] INFO  o.e.m.c.i.e.AbstractTransferListenerAdapter - Downloading https://repo.maven.apache.org/maven2/org/codehaus/plexus/plexus-compiler-manager/2.13.0/plexus-compiler-manager-2.13.0.pom
2024-06-20 16:56:23,454 [Worker-9: Updating Maven Dependencies] INFO  o.e.m.c.i.e.AbstractTransferListenerAdapter - Downloaded https://repo.maven.apache.org/maven2/org/codehaus/plexus/plexus-compiler-manager/2.13.0/plexus-compiler-manager-2.13.0.pom
2024-06-20 16:56:23,516 [Worker-9: Updating Maven Dependencies] INFO  o.e.m.c.i.e.AbstractTransferListenerAdapter - Downloading https://repo.maven.apache.org/maven2/org/codehaus/plexus/plexus-component-annotations/2.1.1/plexus-component-annotations-2.1.1.pom
2024-06-20 16:56:23,557 [Worker-9: Updating Maven Dependencies] INFO  o.e.m.c.i.e.AbstractTransferListenerAdapter - Downloaded https://repo.maven.apache.org/maven2/org/codehaus/plexus/plexus-component-annotations/2.1.1/plexus-component-annotations-2.1.1.pom
2024-06-20 16:56:23,624 [Worker-9: Updating Maven Dependencies] INFO  o.e.m.c.i.e.AbstractTransferListenerAdapter - Downloading https://repo.maven.apache.org/maven2/org/codehaus/plexus/plexus-containers/2.1.1/plexus-containers-2.1.1.pom
2024-06-20 16:56:23,657 [Worker-9: Updating Maven Dependencies] INFO  o.e.m.c.i.e.AbstractTransferListenerAdapter - Downloaded https://repo.maven.apache.org/maven2/org/codehaus/plexus/plexus-containers/2.1.1/plexus-containers-2.1.1.pom
2024-06-20 16:56:23,724 [Worker-9: Updating Maven Dependencies] INFO  o.e.m.c.i.e.AbstractTransferListenerAdapter - Downloading https://repo.maven.apache.org/maven2/org/codehaus/plexus/plexus/6.5/plexus-6.5.pom
2024-06-20 16:56:23,947 [Worker-9: Updating Maven Dependencies] INFO  o.e.m.c.i.e.AbstractTransferListenerAdapter - Downloaded https://repo.maven.apache.org/maven2/org/codehaus/plexus/plexus/6.5/plexus-6.5.pom
2024-06-20 16:56:23,996 [Worker-9: Updating Maven Dependencies] INFO  o.e.m.c.i.e.AbstractTransferListenerAdapter - Downloading https://repo.maven.apache.org/maven2/org/codehaus/plexus/plexus-compiler-javac/2.13.0/plexus-compiler-javac-2.13.0.pom
2024-06-20 16:56:24,032 [Worker-9: Updating Maven Dependencies] INFO  o.e.m.c.i.e.AbstractTransferListenerAdapter - Downloaded https://repo.maven.apache.org/maven2/org/codehaus/plexus/plexus-compiler-javac/2.13.0/plexus-compiler-javac-2.13.0.pom
2024-06-20 16:56:24,057 [Worker-9: Updating Maven Dependencies] INFO  o.e.m.c.i.e.AbstractTransferListenerAdapter - Downloading https://repo.maven.apache.org/maven2/org/codehaus/plexus/plexus-compilers/2.13.0/plexus-compilers-2.13.0.pom
2024-06-20 16:56:24,122 [Worker-9: Updating Maven Dependencies] INFO  o.e.m.c.i.e.AbstractTransferListenerAdapter - Downloaded https://repo.maven.apache.org/maven2/org/codehaus/plexus/plexus-compilers/2.13.0/plexus-compilers-2.13.0.pom
2024-06-20 16:56:24,188 [Worker-9: Updating Maven Dependencies] INFO  o.e.m.c.i.e.AbstractTransferListenerAdapter - Downloading https://repo.maven.apache.org/maven2/org/apache/maven/shared/maven-shared-utils/3.3.4/maven-shared-utils-3.3.4.jar
2024-06-20 16:56:24,234 [Worker-9: Updating Maven Dependencies] INFO  o.e.m.c.i.e.AbstractTransferListenerAdapter - Downloaded https://repo.maven.apache.org/maven2/org/apache/maven/shared/maven-shared-utils/3.3.4/maven-shared-utils-3.3.4.jar
2024-06-20 16:56:24,264 [BasicRepositoryConnector-repo.maven.apache.org-0-1] INFO  o.e.m.c.i.e.AbstractTransferListenerAdapter - Downloading https://repo.maven.apache.org/maven2/org/apache/maven/shared/maven-shared-incremental/1.1/maven-shared-incremental-1.1.jar
2024-06-20 16:56:24,311 [BasicRepositoryConnector-repo.maven.apache.org-0-2] INFO  o.e.m.c.i.e.AbstractTransferListenerAdapter - Downloading https://repo.maven.apache.org/maven2/org/codehaus/plexus/plexus-component-annotations/1.5.5/plexus-component-annotations-1.5.5.jar
2024-06-20 16:56:24,323 [BasicRepositoryConnector-repo.maven.apache.org-0-4] INFO  o.e.m.c.i.e.AbstractTransferListenerAdapter - Downloading https://repo.maven.apache.org/maven2/org/ow2/asm/asm/9.4/asm-9.4.jar
2024-06-20 16:56:24,331 [BasicRepositoryConnector-repo.maven.apache.org-0-3] INFO  o.e.m.c.i.e.AbstractTransferListenerAdapter - Downloading https://repo.maven.apache.org/maven2/org/codehaus/plexus/plexus-java/1.1.2/plexus-java-1.1.2.jar
2024-06-20 16:56:24,345 [BasicRepositoryConnector-repo.maven.apache.org-0-0] INFO  o.e.m.c.i.e.AbstractTransferListenerAdapter - Downloading https://repo.maven.apache.org/maven2/commons-io/commons-io/2.6/commons-io-2.6.jar
2024-06-20 16:56:24,563 [BasicRepositoryConnector-repo.maven.apache.org-0-3] INFO  o.e.m.c.i.e.AbstractTransferListenerAdapter - Downloaded https://repo.maven.apache.org/maven2/org/codehaus/plexus/plexus-java/1.1.2/plexus-java-1.1.2.jar
2024-06-20 16:56:24,592 [BasicRepositoryConnector-repo.maven.apache.org-0-3] INFO  o.e.m.c.i.e.AbstractTransferListenerAdapter - Downloading https://repo.maven.apache.org/maven2/com/thoughtworks/qdox/qdox/2.0.3/qdox-2.0.3.jar
2024-06-20 16:56:24,644 [BasicRepositoryConnector-repo.maven.apache.org-0-4] INFO  o.e.m.c.i.e.AbstractTransferListenerAdapter - Downloaded https://repo.maven.apache.org/maven2/org/ow2/asm/asm/9.4/asm-9.4.jar
2024-06-20 16:56:24,669 [BasicRepositoryConnector-repo.maven.apache.org-0-4] INFO  o.e.m.c.i.e.AbstractTransferListenerAdapter - Downloading https://repo.maven.apache.org/maven2/org/codehaus/plexus/plexus-compiler-api/2.13.0/plexus-compiler-api-2.13.0.jar
2024-06-20 16:56:24,676 [BasicRepositoryConnector-repo.maven.apache.org-0-0] INFO  o.e.m.c.i.e.AbstractTransferListenerAdapter - Downloaded https://repo.maven.apache.org/maven2/commons-io/commons-io/2.6/commons-io-2.6.jar
2024-06-20 16:56:24,700 [BasicRepositoryConnector-repo.maven.apache.org-0-0] INFO  o.e.m.c.i.e.AbstractTransferListenerAdapter - Downloading https://repo.maven.apache.org/maven2/org/codehaus/plexus/plexus-utils/3.5.0/plexus-utils-3.5.0.jar
2024-06-20 16:56:24,724 [BasicRepositoryConnector-repo.maven.apache.org-0-1] INFO  o.e.m.c.i.e.AbstractTransferListenerAdapter - Downloaded https://repo.maven.apache.org/maven2/org/apache/maven/shared/maven-shared-incremental/1.1/maven-shared-incremental-1.1.jar
2024-06-20 16:56:24,741 [BasicRepositoryConnector-repo.maven.apache.org-0-2] INFO  o.e.m.c.i.e.AbstractTransferListenerAdapter - Downloaded https://repo.maven.apache.org/maven2/org/codehaus/plexus/plexus-component-annotations/1.5.5/plexus-component-annotations-1.5.5.jar
2024-06-20 16:56:24,744 [BasicRepositoryConnector-repo.maven.apache.org-0-1] INFO  o.e.m.c.i.e.AbstractTransferListenerAdapter - Downloading https://repo.maven.apache.org/maven2/org/codehaus/plexus/plexus-compiler-manager/2.13.0/plexus-compiler-manager-2.13.0.jar
2024-06-20 16:56:24,775 [BasicRepositoryConnector-repo.maven.apache.org-0-2] INFO  o.e.m.c.i.e.AbstractTransferListenerAdapter - Downloading https://repo.maven.apache.org/maven2/org/codehaus/plexus/plexus-compiler-javac/2.13.0/plexus-compiler-javac-2.13.0.jar
2024-06-20 16:56:24,817 [BasicRepositoryConnector-repo.maven.apache.org-0-3] INFO  o.e.m.c.i.e.AbstractTransferListenerAdapter - Downloaded https://repo.maven.apache.org/maven2/com/thoughtworks/qdox/qdox/2.0.3/qdox-2.0.3.jar
2024-06-20 16:56:25,037 [BasicRepositoryConnector-repo.maven.apache.org-0-0] INFO  o.e.m.c.i.e.AbstractTransferListenerAdapter - Downloaded https://repo.maven.apache.org/maven2/org/codehaus/plexus/plexus-utils/3.5.0/plexus-utils-3.5.0.jar
2024-06-20 16:56:25,134 [BasicRepositoryConnector-repo.maven.apache.org-0-1] INFO  o.e.m.c.i.e.AbstractTransferListenerAdapter - Downloaded https://repo.maven.apache.org/maven2/org/codehaus/plexus/plexus-compiler-manager/2.13.0/plexus-compiler-manager-2.13.0.jar
2024-06-20 16:56:25,292 [BasicRepositoryConnector-repo.maven.apache.org-0-2] INFO  o.e.m.c.i.e.AbstractTransferListenerAdapter - Downloaded https://repo.maven.apache.org/maven2/org/codehaus/plexus/plexus-compiler-javac/2.13.0/plexus-compiler-javac-2.13.0.jar
2024-06-20 16:56:25,419 [BasicRepositoryConnector-repo.maven.apache.org-0-4] INFO  o.e.m.c.i.e.AbstractTransferListenerAdapter - Downloaded https://repo.maven.apache.org/maven2/org/codehaus/plexus/plexus-compiler-api/2.13.0/plexus-compiler-api-2.13.0.jar
2024-06-20 16:56:26,169 [Worker-1: Building] INFO  o.e.m.c.i.l.LifecycleMappingFactory - Using org.maven.ide.eclipse.wtp.WarLifecycleMapping lifecycle mapping for MavenProject: com.rays:Neeraj:0.0.1-SNAPSHOT @ C:\Users\HP\OneDrive\Desktop\java\JUNIT\pom.xml.
2024-06-20 16:56:26,169 [Worker-9: Updating Maven Dependencies] INFO  o.e.m.c.i.l.LifecycleMappingFactory - Using org.maven.ide.eclipse.wtp.WarLifecycleMapping lifecycle mapping for MavenProject: com.rays:Neeraj:0.0.1-SNAPSHOT @ C:\Users\HP\OneDrive\Desktop\java\JUNIT\pom.xml.
2024-06-20 16:56:26,241 [Worker-1: Building] INFO  o.e.m.c.i.e.AbstractTransferListenerAdapter - Downloading https://repo.maven.apache.org/maven2/junit/junit/4.13.2/junit-4.13.2.pom
2024-06-20 16:56:26,284 [Worker-1: Building] INFO  o.e.m.c.i.e.AbstractTransferListenerAdapter - Downloaded https://repo.maven.apache.org/maven2/junit/junit/4.13.2/junit-4.13.2.pom
2024-06-20 16:56:26,333 [Worker-9: Updating Maven Dependencies] INFO  o.e.m.c.i.e.AbstractTransferListenerAdapter - Downloading https://repo.maven.apache.org/maven2/org/hamcrest/hamcrest-core/1.3/hamcrest-core-1.3.pom
2024-06-20 16:56:26,360 [Worker-9: Updating Maven Dependencies] INFO  o.e.m.c.i.e.AbstractTransferListenerAdapter - Downloaded https://repo.maven.apache.org/maven2/org/hamcrest/hamcrest-core/1.3/hamcrest-core-1.3.pom
2024-06-20 16:56:26,386 [Worker-9: Updating Maven Dependencies] INFO  o.e.m.c.i.e.AbstractTransferListenerAdapter - Downloading https://repo.maven.apache.org/maven2/org/hamcrest/hamcrest-parent/1.3/hamcrest-parent-1.3.pom
2024-06-20 16:56:26,421 [Worker-9: Updating Maven Dependencies] INFO  o.e.m.c.i.e.AbstractTransferListenerAdapter - Downloaded https://repo.maven.apache.org/maven2/org/hamcrest/hamcrest-parent/1.3/hamcrest-parent-1.3.pom
2024-06-20 16:56:26,449 [Worker-9: Updating Maven Dependencies] INFO  o.e.m.c.i.e.AbstractTransferListenerAdapter - Downloading https://repo.maven.apache.org/maven2/junit/junit/4.13.2/junit-4.13.2.jar
2024-06-20 16:56:26,538 [Worker-9: Updating Maven Dependencies] INFO  o.e.m.c.i.e.AbstractTransferListenerAdapter - Downloaded https://repo.maven.apache.org/maven2/junit/junit/4.13.2/junit-4.13.2.jar
2024-06-20 16:56:26,565 [BasicRepositoryConnector-repo.maven.apache.org-1-0] INFO  o.e.m.c.i.e.AbstractTransferListenerAdapter - Downloading https://repo.maven.apache.org/maven2/org/hamcrest/hamcrest-core/1.3/hamcrest-core-1.3.jar
2024-06-20 16:56:27,241 [BasicRepositoryConnector-repo.maven.apache.org-1-0] INFO  o.e.m.c.i.e.AbstractTransferListenerAdapter - Downloaded https://repo.maven.apache.org/maven2/org/hamcrest/hamcrest-core/1.3/hamcrest-core-1.3.jar
2024-06-20 16:56:27,351 [Worker-1: Building] INFO  o.e.m.c.i.e.AbstractTransferListenerAdapter - Downloading https://repo.maven.apache.org/maven2/org/apache/maven/plugins/maven-clean-plugin/3.2.0/maven-clean-plugin-3.2.0.pom
2024-06-20 16:56:27,393 [Worker-1: Building] INFO  o.e.m.c.i.e.AbstractTransferListenerAdapter - Downloaded https://repo.maven.apache.org/maven2/org/apache/maven/plugins/maven-clean-plugin/3.2.0/maven-clean-plugin-3.2.0.pom
2024-06-20 16:56:27,425 [Worker-1: Building] INFO  o.e.m.c.i.e.AbstractTransferListenerAdapter - Downloading https://repo.maven.apache.org/maven2/org/apache/maven/plugins/maven-plugins/35/maven-plugins-35.pom
2024-06-20 16:56:27,471 [Worker-1: Building] INFO  o.e.m.c.i.e.AbstractTransferListenerAdapter - Downloaded https://repo.maven.apache.org/maven2/org/apache/maven/plugins/maven-plugins/35/maven-plugins-35.pom
2024-06-20 16:56:27,509 [Worker-1: Building] INFO  o.e.m.c.i.e.AbstractTransferListenerAdapter - Downloading https://repo.maven.apache.org/maven2/org/apache/maven/maven-parent/35/maven-parent-35.pom
2024-06-20 16:56:27,603 [Worker-1: Building] INFO  o.e.m.c.i.e.AbstractTransferListenerAdapter - Downloaded https://repo.maven.apache.org/maven2/org/apache/maven/maven-parent/35/maven-parent-35.pom
2024-06-20 16:56:27,657 [Worker-1: Building] INFO  o.e.m.c.i.e.AbstractTransferListenerAdapter - Downloading https://repo.maven.apache.org/maven2/org/apache/apache/25/apache-25.pom
2024-06-20 16:56:27,705 [Worker-1: Building] INFO  o.e.m.c.i.e.AbstractTransferListenerAdapter - Downloaded https://repo.maven.apache.org/maven2/org/apache/apache/25/apache-25.pom
2024-06-20 16:56:27,754 [Worker-1: Building] INFO  o.e.m.c.i.e.AbstractTransferListenerAdapter - Downloading https://repo.maven.apache.org/maven2/org/apache/maven/plugins/maven-resources-plugin/3.3.1/maven-resources-plugin-3.3.1.pom
2024-06-20 16:56:27,786 [Worker-1: Building] INFO  o.e.m.c.i.e.AbstractTransferListenerAdapter - Downloaded https://repo.maven.apache.org/maven2/org/apache/maven/plugins/maven-resources-plugin/3.3.1/maven-resources-plugin-3.3.1.pom
2024-06-20 16:56:27,838 [Worker-1: Building] INFO  o.e.m.c.i.e.AbstractTransferListenerAdapter - Downloading https://repo.maven.apache.org/maven2/org/apache/maven/plugins/maven-war-plugin/3.4.0/maven-war-plugin-3.4.0.pom
2024-06-20 16:56:27,960 [Worker-1: Building] INFO  o.e.m.c.i.e.AbstractTransferListenerAdapter - Downloaded https://repo.maven.apache.org/maven2/org/apache/maven/plugins/maven-war-plugin/3.4.0/maven-war-plugin-3.4.0.pom
2024-06-20 16:56:28,046 [Worker-1: Building] INFO  o.e.m.c.i.e.AbstractTransferListenerAdapter - Downloading https://repo.maven.apache.org/maven2/org/apache/maven/plugins/maven-surefire-plugin/3.2.2/maven-surefire-plugin-3.2.2.pom
2024-06-20 16:56:28,076 [Worker-1: Building] INFO  o.e.m.c.i.e.AbstractTransferListenerAdapter - Downloaded https://repo.maven.apache.org/maven2/org/apache/maven/plugins/maven-surefire-plugin/3.2.2/maven-surefire-plugin-3.2.2.pom
2024-06-20 16:56:28,106 [Worker-1: Building] INFO  o.e.m.c.i.e.AbstractTransferListenerAdapter - Downloading https://repo.maven.apache.org/maven2/org/apache/maven/surefire/surefire/3.2.2/surefire-3.2.2.pom
2024-06-20 16:56:28,144 [Worker-1: Building] INFO  o.e.m.c.i.e.AbstractTransferListenerAdapter - Downloaded https://repo.maven.apache.org/maven2/org/apache/maven/surefire/surefire/3.2.2/surefire-3.2.2.pom
2024-06-20 16:56:28,191 [Worker-1: Building] INFO  o.e.m.c.i.e.AbstractTransferListenerAdapter - Downloading https://repo.maven.apache.org/maven2/org/apache/maven/maven-parent/40/maven-parent-40.pom
2024-06-20 16:56:28,229 [Worker-1: Building] INFO  o.e.m.c.i.e.AbstractTransferListenerAdapter - Downloaded https://repo.maven.apache.org/maven2/org/apache/maven/maven-parent/40/maven-parent-40.pom
2024-06-20 16:56:28,267 [Worker-1: Building] INFO  o.e.m.c.i.e.AbstractTransferListenerAdapter - Downloading https://repo.maven.apache.org/maven2/org/apache/apache/30/apache-30.pom
2024-06-20 16:56:28,306 [Worker-1: Building] INFO  o.e.m.c.i.e.AbstractTransferListenerAdapter - Downloaded https://repo.maven.apache.org/maven2/org/apache/apache/30/apache-30.pom
2024-06-20 16:56:28,350 [Worker-1: Building] INFO  o.e.m.c.i.e.AbstractTransferListenerAdapter - Downloading https://repo.maven.apache.org/maven2/org/junit/junit-bom/5.9.3/junit-bom-5.9.3.pom
2024-06-20 16:56:28,377 [Worker-1: Building] INFO  o.e.m.c.i.e.AbstractTransferListenerAdapter - Downloaded https://repo.maven.apache.org/maven2/org/junit/junit-bom/5.9.3/junit-bom-5.9.3.pom
2024-06-20 16:56:28,431 [Worker-1: Building] INFO  o.e.m.c.i.e.AbstractTransferListenerAdapter - Downloading https://repo.maven.apache.org/maven2/org/apache/maven/maven-archiver/3.6.0/maven-archiver-3.6.0.pom
2024-06-20 16:56:28,464 [Worker-1: Building] INFO  o.e.m.c.i.e.AbstractTransferListenerAdapter - Downloaded https://repo.maven.apache.org/maven2/org/apache/maven/maven-archiver/3.6.0/maven-archiver-3.6.0.pom
2024-06-20 16:56:28,502 [Worker-1: Building] INFO  o.e.m.c.i.e.AbstractTransferListenerAdapter - Downloading https://repo.maven.apache.org/maven2/org/apache/maven/shared/maven-shared-components/36/maven-shared-components-36.pom
2024-06-20 16:56:28,533 [Worker-1: Building] INFO  o.e.m.c.i.e.AbstractTransferListenerAdapter - Downloaded https://repo.maven.apache.org/maven2/org/apache/maven/shared/maven-shared-components/36/maven-shared-components-36.pom
2024-06-20 16:56:28,573 [Worker-1: Building] INFO  o.e.m.c.i.e.AbstractTransferListenerAdapter - Downloading https://repo.maven.apache.org/maven2/org/apache/maven/maven-parent/36/maven-parent-36.pom
2024-06-20 16:56:28,606 [Worker-1: Building] INFO  o.e.m.c.i.e.AbstractTransferListenerAdapter - Downloaded https://repo.maven.apache.org/maven2/org/apache/maven/maven-parent/36/maven-parent-36.pom
2024-06-20 16:56:28,646 [Worker-1: Building] INFO  o.e.m.c.i.e.AbstractTransferListenerAdapter - Downloading https://repo.maven.apache.org/maven2/org/apache/apache/26/apache-26.pom
2024-06-20 16:56:28,688 [Worker-1: Building] INFO  o.e.m.c.i.e.AbstractTransferListenerAdapter - Downloaded https://repo.maven.apache.org/maven2/org/apache/apache/26/apache-26.pom
2024-06-20 16:56:28,742 [Worker-1: Building] INFO  o.e.m.c.i.e.AbstractTransferListenerAdapter - Downloading https://repo.maven.apache.org/maven2/org/codehaus/plexus/plexus-io/3.4.0/plexus-io-3.4.0.pom
2024-06-20 16:56:28,785 [Worker-1: Building] INFO  o.e.m.c.i.e.AbstractTransferListenerAdapter - Downloaded https://repo.maven.apache.org/maven2/org/codehaus/plexus/plexus-io/3.4.0/plexus-io-3.4.0.pom
2024-06-20 16:56:28,839 [Worker-1: Building] INFO  o.e.m.c.i.e.AbstractTransferListenerAdapter - Downloading https://repo.maven.apache.org/maven2/javax/inject/javax.inject/1/javax.inject-1.pom
2024-06-20 16:56:28,875 [Worker-1: Building] INFO  o.e.m.c.i.e.AbstractTransferListenerAdapter - Downloaded https://repo.maven.apache.org/maven2/javax/inject/javax.inject/1/javax.inject-1.pom
2024-06-20 16:56:28,909 [Worker-1: Building] INFO  o.e.m.c.i.e.AbstractTransferListenerAdapter - Downloading https://repo.maven.apache.org/maven2/commons-io/commons-io/2.11.0/commons-io-2.11.0.pom
2024-06-20 16:56:28,949 [Worker-1: Building] INFO  o.e.m.c.i.e.AbstractTransferListenerAdapter - Downloaded https://repo.maven.apache.org/maven2/commons-io/commons-io/2.11.0/commons-io-2.11.0.pom
2024-06-20 16:56:28,992 [Worker-1: Building] INFO  o.e.m.c.i.e.AbstractTransferListenerAdapter - Downloading https://repo.maven.apache.org/maven2/org/apache/commons/commons-parent/52/commons-parent-52.pom
2024-06-20 16:56:29,035 [Worker-1: Building] INFO  o.e.m.c.i.e.AbstractTransferListenerAdapter - Downloaded https://repo.maven.apache.org/maven2/org/apache/commons/commons-parent/52/commons-parent-52.pom
2024-06-20 16:56:29,075 [Worker-1: Building] INFO  o.e.m.c.i.e.AbstractTransferListenerAdapter - Downloading https://repo.maven.apache.org/maven2/org/junit/junit-bom/5.7.2/junit-bom-5.7.2.pom
2024-06-20 16:56:29,109 [Worker-1: Building] INFO  o.e.m.c.i.e.AbstractTransferListenerAdapter - Downloaded https://repo.maven.apache.org/maven2/org/junit/junit-bom/5.7.2/junit-bom-5.7.2.pom
2024-06-20 16:56:29,137 [Worker-1: Building] INFO  o.e.m.c.i.e.AbstractTransferListenerAdapter - Downloading https://repo.maven.apache.org/maven2/org/codehaus/plexus/plexus-archiver/4.4.0/plexus-archiver-4.4.0.pom
2024-06-20 16:56:29,163 [Worker-1: Building] INFO  o.e.m.c.i.e.AbstractTransferListenerAdapter - Downloaded https://repo.maven.apache.org/maven2/org/codehaus/plexus/plexus-archiver/4.4.0/plexus-archiver-4.4.0.pom
2024-06-20 16:56:29,193 [Worker-1: Building] INFO  o.e.m.c.i.e.AbstractTransferListenerAdapter - Downloading https://repo.maven.apache.org/maven2/org/apache/commons/commons-compress/1.21/commons-compress-1.21.pom
2024-06-20 16:56:29,226 [Worker-1: Building] INFO  o.e.m.c.i.e.AbstractTransferListenerAdapter - Downloaded https://repo.maven.apache.org/maven2/org/apache/commons/commons-compress/1.21/commons-compress-1.21.pom
2024-06-20 16:56:29,292 [Worker-1: Building] INFO  o.e.m.c.i.e.AbstractTransferListenerAdapter - Downloading https://repo.maven.apache.org/maven2/org/slf4j/slf4j-api/1.7.36/slf4j-api-1.7.36.pom
2024-06-20 16:56:29,340 [Worker-1: Building] INFO  o.e.m.c.i.e.AbstractTransferListenerAdapter - Downloaded https://repo.maven.apache.org/maven2/org/slf4j/slf4j-api/1.7.36/slf4j-api-1.7.36.pom
2024-06-20 16:56:29,369 [Worker-1: Building] INFO  o.e.m.c.i.e.AbstractTransferListenerAdapter - Downloading https://repo.maven.apache.org/maven2/org/slf4j/slf4j-parent/1.7.36/slf4j-parent-1.7.36.pom
2024-06-20 16:56:29,408 [Worker-1: Building] INFO  o.e.m.c.i.e.AbstractTransferListenerAdapter - Downloaded https://repo.maven.apache.org/maven2/org/slf4j/slf4j-parent/1.7.36/slf4j-parent-1.7.36.pom
2024-06-20 16:56:29,472 [Worker-1: Building] INFO  o.e.m.c.i.e.AbstractTransferListenerAdapter - Downloading https://repo.maven.apache.org/maven2/org/iq80/snappy/snappy/0.4/snappy-0.4.pom
2024-06-20 16:56:29,510 [Worker-1: Building] INFO  o.e.m.c.i.e.AbstractTransferListenerAdapter - Downloaded https://repo.maven.apache.org/maven2/org/iq80/snappy/snappy/0.4/snappy-0.4.pom
2024-06-20 16:56:29,559 [Worker-1: Building] INFO  o.e.m.c.i.e.AbstractTransferListenerAdapter - Downloading https://repo.maven.apache.org/maven2/org/tukaani/xz/1.9/xz-1.9.pom
2024-06-20 16:56:29,583 [Worker-1: Building] INFO  o.e.m.c.i.e.AbstractTransferListenerAdapter - Downloaded https://repo.maven.apache.org/maven2/org/tukaani/xz/1.9/xz-1.9.pom
2024-06-20 16:56:29,612 [Worker-1: Building] INFO  o.e.m.c.i.e.AbstractTransferListenerAdapter - Downloading https://repo.maven.apache.org/maven2/org/codehaus/plexus/plexus-interpolation/1.26/plexus-interpolation-1.26.pom
2024-06-20 16:56:29,639 [Worker-1: Building] INFO  o.e.m.c.i.e.AbstractTransferListenerAdapter - Downloaded https://repo.maven.apache.org/maven2/org/codehaus/plexus/plexus-interpolation/1.26/plexus-interpolation-1.26.pom
2024-06-20 16:56:29,690 [Worker-1: Building] INFO  o.e.m.c.i.e.AbstractTransferListenerAdapter - Downloading https://repo.maven.apache.org/maven2/org/codehaus/plexus/plexus/5.1/plexus-5.1.pom
2024-06-20 16:56:29,731 [Worker-1: Building] INFO  o.e.m.c.i.e.AbstractTransferListenerAdapter - Downloaded https://repo.maven.apache.org/maven2/org/codehaus/plexus/plexus/5.1/plexus-5.1.pom
2024-06-20 16:56:29,768 [Worker-1: Building] INFO  o.e.m.c.i.e.AbstractTransferListenerAdapter - Downloading https://repo.maven.apache.org/maven2/org/apache/maven/shared/maven-shared-utils/3.4.2/maven-shared-utils-3.4.2.pom
2024-06-20 16:56:29,801 [Worker-1: Building] INFO  o.e.m.c.i.e.AbstractTransferListenerAdapter - Downloaded https://repo.maven.apache.org/maven2/org/apache/maven/shared/maven-shared-utils/3.4.2/maven-shared-utils-3.4.2.pom
2024-06-20 16:56:29,824 [Worker-1: Building] INFO  o.e.m.c.i.e.AbstractTransferListenerAdapter - Downloading https://repo.maven.apache.org/maven2/org/apache/maven/shared/maven-shared-components/39/maven-shared-components-39.pom
2024-06-20 16:56:29,853 [Worker-1: Building] INFO  o.e.m.c.i.e.AbstractTransferListenerAdapter - Downloaded https://repo.maven.apache.org/maven2/org/apache/maven/shared/maven-shared-components/39/maven-shared-components-39.pom
2024-06-20 16:56:29,882 [Worker-1: Building] INFO  o.e.m.c.i.e.AbstractTransferListenerAdapter - Downloading https://repo.maven.apache.org/maven2/commons-io/commons-io/2.13.0/commons-io-2.13.0.pom
2024-06-20 16:56:29,914 [Worker-1: Building] INFO  o.e.m.c.i.e.AbstractTransferListenerAdapter - Downloaded https://repo.maven.apache.org/maven2/commons-io/commons-io/2.13.0/commons-io-2.13.0.pom
2024-06-20 16:56:29,952 [Worker-1: Building] INFO  o.e.m.c.i.e.AbstractTransferListenerAdapter - Downloading https://repo.maven.apache.org/maven2/org/apache/commons/commons-parent/58/commons-parent-58.pom
2024-06-20 16:56:29,997 [Worker-1: Building] INFO  o.e.m.c.i.e.AbstractTransferListenerAdapter - Downloaded https://repo.maven.apache.org/maven2/org/apache/commons/commons-parent/58/commons-parent-58.pom
2024-06-20 16:56:30,066 [Worker-1: Building] INFO  o.e.m.c.i.e.AbstractTransferListenerAdapter - Downloading https://repo.maven.apache.org/maven2/org/codehaus/plexus/plexus-archiver/4.7.1/plexus-archiver-4.7.1.pom
2024-06-20 16:56:30,108 [Worker-1: Building] INFO  o.e.m.c.i.e.AbstractTransferListenerAdapter - Downloaded https://repo.maven.apache.org/maven2/org/codehaus/plexus/plexus-archiver/4.7.1/plexus-archiver-4.7.1.pom
2024-06-20 16:56:30,145 [Worker-1: Building] INFO  o.e.m.c.i.e.AbstractTransferListenerAdapter - Downloading https://repo.maven.apache.org/maven2/org/codehaus/plexus/plexus-io/3.4.1/plexus-io-3.4.1.pom
2024-06-20 16:56:30,181 [Worker-1: Building] INFO  o.e.m.c.i.e.AbstractTransferListenerAdapter - Downloaded https://repo.maven.apache.org/maven2/org/codehaus/plexus/plexus-io/3.4.1/plexus-io-3.4.1.pom
2024-06-20 16:56:30,212 [Worker-1: Building] INFO  o.e.m.c.i.e.AbstractTransferListenerAdapter - Downloading https://repo.maven.apache.org/maven2/org/apache/commons/commons-compress/1.23.0/commons-compress-1.23.0.pom
2024-06-20 16:56:30,254 [Worker-1: Building] INFO  o.e.m.c.i.e.AbstractTransferListenerAdapter - Downloaded https://repo.maven.apache.org/maven2/org/apache/commons/commons-compress/1.23.0/commons-compress-1.23.0.pom
2024-06-20 16:56:30,301 [Worker-1: Building] INFO  o.e.m.c.i.e.AbstractTransferListenerAdapter - Downloading https://repo.maven.apache.org/maven2/org/apache/commons/commons-parent/56/commons-parent-56.pom
2024-06-20 16:56:30,348 [Worker-1: Building] INFO  o.e.m.c.i.e.AbstractTransferListenerAdapter - Downloaded https://repo.maven.apache.org/maven2/org/apache/commons/commons-parent/56/commons-parent-56.pom
2024-06-20 16:56:30,402 [Worker-1: Building] INFO  o.e.m.c.i.e.AbstractTransferListenerAdapter - Downloading https://repo.maven.apache.org/maven2/com/github/luben/zstd-jni/1.5.5-2/zstd-jni-1.5.5-2.pom
2024-06-20 16:56:30,439 [Worker-1: Building] INFO  o.e.m.c.i.e.AbstractTransferListenerAdapter - Downloaded https://repo.maven.apache.org/maven2/com/github/luben/zstd-jni/1.5.5-2/zstd-jni-1.5.5-2.pom
2024-06-20 16:56:30,475 [Worker-1: Building] INFO  o.e.m.c.i.e.AbstractTransferListenerAdapter - Downloading https://repo.maven.apache.org/maven2/org/codehaus/plexus/plexus-utils/3.5.1/plexus-utils-3.5.1.pom
2024-06-20 16:56:30,519 [Worker-1: Building] INFO  o.e.m.c.i.e.AbstractTransferListenerAdapter - Downloaded https://repo.maven.apache.org/maven2/org/codehaus/plexus/plexus-utils/3.5.1/plexus-utils-3.5.1.pom
2024-06-20 16:56:30,563 [Worker-1: Building] INFO  o.e.m.c.i.e.AbstractTransferListenerAdapter - Downloading https://repo.maven.apache.org/maven2/org/apache/maven/shared/maven-filtering/3.3.1/maven-filtering-3.3.1.pom
2024-06-20 16:56:30,599 [Worker-1: Building] INFO  o.e.m.c.i.e.AbstractTransferListenerAdapter - Downloaded https://repo.maven.apache.org/maven2/org/apache/maven/shared/maven-filtering/3.3.1/maven-filtering-3.3.1.pom
2024-06-20 16:56:30,634 [Worker-1: Building] INFO  o.e.m.c.i.e.AbstractTransferListenerAdapter - Downloading https://repo.maven.apache.org/maven2/org/sonatype/plexus/plexus-build-api/0.0.7/plexus-build-api-0.0.7.pom
2024-06-20 16:56:30,664 [Worker-1: Building] INFO  o.e.m.c.i.e.AbstractTransferListenerAdapter - Downloaded https://repo.maven.apache.org/maven2/org/sonatype/plexus/plexus-build-api/0.0.7/plexus-build-api-0.0.7.pom
2024-06-20 16:56:30,692 [Worker-1: Building] INFO  o.e.m.c.i.e.AbstractTransferListenerAdapter - Downloading https://repo.maven.apache.org/maven2/org/sonatype/spice/spice-parent/15/spice-parent-15.pom
2024-06-20 16:56:30,721 [Worker-1: Building] INFO  o.e.m.c.i.e.AbstractTransferListenerAdapter - Downloaded https://repo.maven.apache.org/maven2/org/sonatype/spice/spice-parent/15/spice-parent-15.pom
2024-06-20 16:56:30,759 [Worker-1: Building] INFO  o.e.m.c.i.e.AbstractTransferListenerAdapter - Downloading https://repo.maven.apache.org/maven2/org/sonatype/forge/forge-parent/5/forge-parent-5.pom
2024-06-20 16:56:30,794 [Worker-1: Building] INFO  o.e.m.c.i.e.AbstractTransferListenerAdapter - Downloaded https://repo.maven.apache.org/maven2/org/sonatype/forge/forge-parent/5/forge-parent-5.pom
2024-06-20 16:56:30,830 [Worker-1: Building] INFO  o.e.m.c.i.e.AbstractTransferListenerAdapter - Downloading https://repo.maven.apache.org/maven2/org/apache/maven/shared/maven-mapping/3.0.0/maven-mapping-3.0.0.pom
2024-06-20 16:56:30,861 [Worker-1: Building] INFO  o.e.m.c.i.e.AbstractTransferListenerAdapter - Downloaded https://repo.maven.apache.org/maven2/org/apache/maven/shared/maven-mapping/3.0.0/maven-mapping-3.0.0.pom
2024-06-20 16:56:30,887 [Worker-1: Building] INFO  o.e.m.c.i.e.AbstractTransferListenerAdapter - Downloading https://repo.maven.apache.org/maven2/org/apache/maven/shared/maven-shared-components/22/maven-shared-components-22.pom
2024-06-20 16:56:30,925 [Worker-1: Building] INFO  o.e.m.c.i.e.AbstractTransferListenerAdapter - Downloaded https://repo.maven.apache.org/maven2/org/apache/maven/shared/maven-shared-components/22/maven-shared-components-22.pom
2024-06-20 16:56:30,956 [Worker-1: Building] INFO  o.e.m.c.i.e.AbstractTransferListenerAdapter - Downloading https://repo.maven.apache.org/maven2/org/apache/maven/maven-parent/27/maven-parent-27.pom
2024-06-20 16:56:30,999 [Worker-1: Building] INFO  o.e.m.c.i.e.AbstractTransferListenerAdapter - Downloaded https://repo.maven.apache.org/maven2/org/apache/maven/maven-parent/27/maven-parent-27.pom
2024-06-20 16:56:31,061 [Worker-1: Building] INFO  o.e.m.c.i.e.AbstractTransferListenerAdapter - Downloading https://repo.maven.apache.org/maven2/org/apache/apache/17/apache-17.pom
2024-06-20 16:56:31,108 [Worker-1: Building] INFO  o.e.m.c.i.e.AbstractTransferListenerAdapter - Downloaded https://repo.maven.apache.org/maven2/org/apache/apache/17/apache-17.pom
2024-06-20 16:56:31,152 [Worker-1: Building] INFO  o.e.m.c.i.e.AbstractTransferListenerAdapter - Downloading https://repo.maven.apache.org/maven2/org/apache/maven/maven-core/3.0/maven-core-3.0.pom
2024-06-20 16:56:31,187 [Worker-1: Building] INFO  o.e.m.c.i.e.AbstractTransferListenerAdapter - Downloaded https://repo.maven.apache.org/maven2/org/apache/maven/maven-core/3.0/maven-core-3.0.pom
2024-06-20 16:56:31,225 [Worker-1: Building] INFO  o.e.m.c.i.e.AbstractTransferListenerAdapter - Downloading https://repo.maven.apache.org/maven2/org/apache/maven/maven/3.0/maven-3.0.pom
2024-06-20 16:56:31,262 [Worker-1: Building] INFO  o.e.m.c.i.e.AbstractTransferListenerAdapter - Downloaded https://repo.maven.apache.org/maven2/org/apache/maven/maven/3.0/maven-3.0.pom
2024-06-20 16:56:31,322 [Worker-1: Building] INFO  o.e.m.c.i.e.AbstractTransferListenerAdapter - Downloading https://repo.maven.apache.org/maven2/org/apache/maven/maven-parent/15/maven-parent-15.pom
2024-06-20 16:56:31,420 [Worker-1: Building] INFO  o.e.m.c.i.e.AbstractTransferListenerAdapter - Downloaded https://repo.maven.apache.org/maven2/org/apache/maven/maven-parent/15/maven-parent-15.pom
2024-06-20 16:56:31,463 [Worker-1: Building] INFO  o.e.m.c.i.e.AbstractTransferListenerAdapter - Downloading https://repo.maven.apache.org/maven2/org/apache/apache/6/apache-6.pom
2024-06-20 16:56:31,503 [Worker-1: Building] INFO  o.e.m.c.i.e.AbstractTransferListenerAdapter - Downloaded https://repo.maven.apache.org/maven2/org/apache/apache/6/apache-6.pom
2024-06-20 16:56:31,539 [Worker-1: Building] INFO  o.e.m.c.i.e.AbstractTransferListenerAdapter - Downloading https://repo.maven.apache.org/maven2/org/apache/maven/maven-model/3.0/maven-model-3.0.pom
2024-06-20 16:56:31,569 [Worker-1: Building] INFO  o.e.m.c.i.e.AbstractTransferListenerAdapter - Downloaded https://repo.maven.apache.org/maven2/org/apache/maven/maven-model/3.0/maven-model-3.0.pom
2024-06-20 16:56:31,594 [Worker-1: Building] INFO  o.e.m.c.i.e.AbstractTransferListenerAdapter - Downloading https://repo.maven.apache.org/maven2/org/apache/maven/maven-settings/3.2.5/maven-settings-3.2.5.pom
2024-06-20 16:56:31,627 [Worker-1: Building] INFO  o.e.m.c.i.e.AbstractTransferListenerAdapter - Downloaded https://repo.maven.apache.org/maven2/org/apache/maven/maven-settings/3.2.5/maven-settings-3.2.5.pom
2024-06-20 16:56:31,652 [Worker-1: Building] INFO  o.e.m.c.i.e.AbstractTransferListenerAdapter - Downloading https://repo.maven.apache.org/maven2/org/apache/maven/maven/3.2.5/maven-3.2.5.pom
2024-06-20 16:56:31,684 [Worker-1: Building] INFO  o.e.m.c.i.e.AbstractTransferListenerAdapter - Downloaded https://repo.maven.apache.org/maven2/org/apache/maven/maven/3.2.5/maven-3.2.5.pom
2024-06-20 16:56:31,721 [Worker-1: Building] INFO  o.e.m.c.i.e.AbstractTransferListenerAdapter - Downloading https://repo.maven.apache.org/maven2/org/apache/maven/maven-parent/25/maven-parent-25.pom
2024-06-20 16:56:31,766 [Worker-1: Building] INFO  o.e.m.c.i.e.AbstractTransferListenerAdapter - Downloaded https://repo.maven.apache.org/maven2/org/apache/maven/maven-parent/25/maven-parent-25.pom
2024-06-20 16:56:31,800 [Worker-1: Building] INFO  o.e.m.c.i.e.AbstractTransferListenerAdapter - Downloading https://repo.maven.apache.org/maven2/org/apache/apache/15/apache-15.pom
2024-06-20 16:56:31,841 [Worker-1: Building] INFO  o.e.m.c.i.e.AbstractTransferListenerAdapter - Downloaded https://repo.maven.apache.org/maven2/org/apache/apache/15/apache-15.pom
2024-06-20 16:56:31,898 [Worker-1: Building] INFO  o.e.m.c.i.e.AbstractTransferListenerAdapter - Downloading https://repo.maven.apache.org/maven2/org/apache/maven/maven-settings-builder/3.0/maven-settings-builder-3.0.pom
2024-06-20 16:56:31,930 [Worker-1: Building] INFO  o.e.m.c.i.e.AbstractTransferListenerAdapter - Downloaded https://repo.maven.apache.org/maven2/org/apache/maven/maven-settings-builder/3.0/maven-settings-builder-3.0.pom
2024-06-20 16:56:31,957 [Worker-1: Building] INFO  o.e.m.c.i.e.AbstractTransferListenerAdapter - Downloading https://repo.maven.apache.org/maven2/org/codehaus/plexus/plexus-interpolation/1.14/plexus-interpolation-1.14.pom
2024-06-20 16:56:31,987 [Worker-1: Building] INFO  o.e.m.c.i.e.AbstractTransferListenerAdapter - Downloaded https://repo.maven.apache.org/maven2/org/codehaus/plexus/plexus-interpolation/1.14/plexus-interpolation-1.14.pom
2024-06-20 16:56:32,012 [Worker-1: Building] INFO  o.e.m.c.i.e.AbstractTransferListenerAdapter - Downloading https://repo.maven.apache.org/maven2/org/codehaus/plexus/plexus-components/1.1.18/plexus-components-1.1.18.pom
2024-06-20 16:56:32,043 [Worker-1: Building] INFO  o.e.m.c.i.e.AbstractTransferListenerAdapter - Downloaded https://repo.maven.apache.org/maven2/org/codehaus/plexus/plexus-components/1.1.18/plexus-components-1.1.18.pom
2024-06-20 16:56:32,078 [Worker-1: Building] INFO  o.e.m.c.i.e.AbstractTransferListenerAdapter - Downloading https://repo.maven.apache.org/maven2/org/sonatype/plexus/plexus-sec-dispatcher/1.3/plexus-sec-dispatcher-1.3.pom
2024-06-20 16:56:32,111 [Worker-1: Building] INFO  o.e.m.c.i.e.AbstractTransferListenerAdapter - Downloaded https://repo.maven.apache.org/maven2/org/sonatype/plexus/plexus-sec-dispatcher/1.3/plexus-sec-dispatcher-1.3.pom
2024-06-20 16:56:32,138 [Worker-1: Building] INFO  o.e.m.c.i.e.AbstractTransferListenerAdapter - Downloading https://repo.maven.apache.org/maven2/org/sonatype/spice/spice-parent/12/spice-parent-12.pom
2024-06-20 16:56:32,170 [Worker-1: Building] INFO  o.e.m.c.i.e.AbstractTransferListenerAdapter - Downloaded https://repo.maven.apache.org/maven2/org/sonatype/spice/spice-parent/12/spice-parent-12.pom
2024-06-20 16:56:32,194 [Worker-1: Building] INFO  o.e.m.c.i.e.AbstractTransferListenerAdapter - Downloading https://repo.maven.apache.org/maven2/org/sonatype/forge/forge-parent/4/forge-parent-4.pom
2024-06-20 16:56:32,226 [Worker-1: Building] INFO  o.e.m.c.i.e.AbstractTransferListenerAdapter - Downloaded https://repo.maven.apache.org/maven2/org/sonatype/forge/forge-parent/4/forge-parent-4.pom
2024-06-20 16:56:32,260 [Worker-1: Building] INFO  o.e.m.c.i.e.AbstractTransferListenerAdapter - Downloading https://repo.maven.apache.org/maven2/org/sonatype/plexus/plexus-cipher/1.4/plexus-cipher-1.4.pom
2024-06-20 16:56:32,287 [Worker-1: Building] INFO  o.e.m.c.i.e.AbstractTransferListenerAdapter - Downloaded https://repo.maven.apache.org/maven2/org/sonatype/plexus/plexus-cipher/1.4/plexus-cipher-1.4.pom
2024-06-20 16:56:32,315 [Worker-1: Building] INFO  o.e.m.c.i.e.AbstractTransferListenerAdapter - Downloading https://repo.maven.apache.org/maven2/org/apache/maven/maven-repository-metadata/3.0/maven-repository-metadata-3.0.pom
2024-06-20 16:56:32,348 [Worker-1: Building] INFO  o.e.m.c.i.e.AbstractTransferListenerAdapter - Downloaded https://repo.maven.apache.org/maven2/org/apache/maven/maven-repository-metadata/3.0/maven-repository-metadata-3.0.pom
2024-06-20 16:56:32,377 [Worker-1: Building] INFO  o.e.m.c.i.e.AbstractTransferListenerAdapter - Downloading https://repo.maven.apache.org/maven2/org/apache/maven/maven-artifact/3.0/maven-artifact-3.0.pom
2024-06-20 16:56:32,411 [Worker-1: Building] INFO  o.e.m.c.i.e.AbstractTransferListenerAdapter - Downloaded https://repo.maven.apache.org/maven2/org/apache/maven/maven-artifact/3.0/maven-artifact-3.0.pom
2024-06-20 16:56:32,446 [Worker-1: Building] INFO  o.e.m.c.i.e.AbstractTransferListenerAdapter - Downloading https://repo.maven.apache.org/maven2/org/apache/maven/maven-plugin-api/3.0/maven-plugin-api-3.0.pom
2024-06-20 16:56:32,473 [Worker-1: Building] INFO  o.e.m.c.i.e.AbstractTransferListenerAdapter - Downloaded https://repo.maven.apache.org/maven2/org/apache/maven/maven-plugin-api/3.0/maven-plugin-api-3.0.pom
2024-06-20 16:56:32,514 [Worker-1: Building] INFO  o.e.m.c.i.e.AbstractTransferListenerAdapter - Downloading https://repo.maven.apache.org/maven2/org/sonatype/sisu/sisu-inject-plexus/1.4.2/sisu-inject-plexus-1.4.2.pom
2024-06-20 16:56:32,540 [Worker-1: Building] INFO  o.e.m.c.i.e.AbstractTransferListenerAdapter - Downloaded https://repo.maven.apache.org/maven2/org/sonatype/sisu/sisu-inject-plexus/1.4.2/sisu-inject-plexus-1.4.2.pom
2024-06-20 16:56:32,569 [Worker-1: Building] INFO  o.e.m.c.i.e.AbstractTransferListenerAdapter - Downloading https://repo.maven.apache.org/maven2/org/sonatype/sisu/inject/guice-plexus/1.4.2/guice-plexus-1.4.2.pom
2024-06-20 16:56:32,594 [Worker-1: Building] INFO  o.e.m.c.i.e.AbstractTransferListenerAdapter - Downloaded https://repo.maven.apache.org/maven2/org/sonatype/sisu/inject/guice-plexus/1.4.2/guice-plexus-1.4.2.pom
2024-06-20 16:56:32,624 [Worker-1: Building] INFO  o.e.m.c.i.e.AbstractTransferListenerAdapter - Downloading https://repo.maven.apache.org/maven2/org/sonatype/sisu/inject/guice-bean/1.4.2/guice-bean-1.4.2.pom
2024-06-20 16:56:32,658 [Worker-1: Building] INFO  o.e.m.c.i.e.AbstractTransferListenerAdapter - Downloaded https://repo.maven.apache.org/maven2/org/sonatype/sisu/inject/guice-bean/1.4.2/guice-bean-1.4.2.pom
2024-06-20 16:56:32,699 [Worker-1: Building] INFO  o.e.m.c.i.e.AbstractTransferListenerAdapter - Downloading https://repo.maven.apache.org/maven2/org/sonatype/sisu/sisu-inject/1.4.2/sisu-inject-1.4.2.pom
2024-06-20 16:56:32,736 [Worker-1: Building] INFO  o.e.m.c.i.e.AbstractTransferListenerAdapter - Downloaded https://repo.maven.apache.org/maven2/org/sonatype/sisu/sisu-inject/1.4.2/sisu-inject-1.4.2.pom
2024-06-20 16:56:32,766 [Worker-1: Building] INFO  o.e.m.c.i.e.AbstractTransferListenerAdapter - Downloading https://repo.maven.apache.org/maven2/org/sonatype/sisu/sisu-parent/1.4.2/sisu-parent-1.4.2.pom
2024-06-20 16:56:32,793 [Worker-1: Building] INFO  o.e.m.c.i.e.AbstractTransferListenerAdapter - Downloaded https://repo.maven.apache.org/maven2/org/sonatype/sisu/sisu-parent/1.4.2/sisu-parent-1.4.2.pom
2024-06-20 16:56:32,832 [Worker-1: Building] INFO  o.e.m.c.i.e.AbstractTransferListenerAdapter - Downloading https://repo.maven.apache.org/maven2/org/sonatype/forge/forge-parent/6/forge-parent-6.pom
2024-06-20 16:56:32,866 [Worker-1: Building] INFO  o.e.m.c.i.e.AbstractTransferListenerAdapter - Downloaded https://repo.maven.apache.org/maven2/org/sonatype/forge/forge-parent/6/forge-parent-6.pom
2024-06-20 16:56:32,908 [Worker-1: Building] INFO  o.e.m.c.i.e.AbstractTransferListenerAdapter - Downloading https://repo.maven.apache.org/maven2/org/codehaus/plexus/plexus-component-annotations/1.5.4/plexus-component-annotations-1.5.4.pom
2024-06-20 16:56:32,937 [Worker-1: Building] INFO  o.e.m.c.i.e.AbstractTransferListenerAdapter - Downloaded https://repo.maven.apache.org/maven2/org/codehaus/plexus/plexus-component-annotations/1.5.4/plexus-component-annotations-1.5.4.pom
2024-06-20 16:56:32,963 [Worker-1: Building] INFO  o.e.m.c.i.e.AbstractTransferListenerAdapter - Downloading https://repo.maven.apache.org/maven2/org/codehaus/plexus/plexus-containers/1.5.4/plexus-containers-1.5.4.pom
2024-06-20 16:56:32,994 [Worker-1: Building] INFO  o.e.m.c.i.e.AbstractTransferListenerAdapter - Downloaded https://repo.maven.apache.org/maven2/org/codehaus/plexus/plexus-containers/1.5.4/plexus-containers-1.5.4.pom
2024-06-20 16:56:33,024 [Worker-1: Building] INFO  o.e.m.c.i.e.AbstractTransferListenerAdapter - Downloading https://repo.maven.apache.org/maven2/org/codehaus/plexus/plexus/2.0.5/plexus-2.0.5.pom
2024-06-20 16:56:33,055 [Worker-1: Building] INFO  o.e.m.c.i.e.AbstractTransferListenerAdapter - Downloaded https://repo.maven.apache.org/maven2/org/codehaus/plexus/plexus/2.0.5/plexus-2.0.5.pom
2024-06-20 16:56:33,111 [Worker-1: Building] INFO  o.e.m.c.i.e.AbstractTransferListenerAdapter - Downloading https://repo.maven.apache.org/maven2/org/codehaus/plexus/plexus-classworlds/2.2.3/plexus-classworlds-2.2.3.pom
2024-06-20 16:56:33,143 [Worker-1: Building] INFO  o.e.m.c.i.e.AbstractTransferListenerAdapter - Downloaded https://repo.maven.apache.org/maven2/org/codehaus/plexus/plexus-classworlds/2.2.3/plexus-classworlds-2.2.3.pom
2024-06-20 16:56:33,177 [Worker-1: Building] INFO  o.e.m.c.i.e.AbstractTransferListenerAdapter - Downloading https://repo.maven.apache.org/maven2/org/codehaus/plexus/plexus/2.0.6/plexus-2.0.6.pom
2024-06-20 16:56:33,219 [Worker-1: Building] INFO  o.e.m.c.i.e.AbstractTransferListenerAdapter - Downloaded https://repo.maven.apache.org/maven2/org/codehaus/plexus/plexus/2.0.6/plexus-2.0.6.pom
2024-06-20 16:56:33,261 [Worker-1: Building] INFO  o.e.m.c.i.e.AbstractTransferListenerAdapter - Downloading https://repo.maven.apache.org/maven2/org/sonatype/sisu/sisu-inject-bean/1.4.2/sisu-inject-bean-1.4.2.pom
2024-06-20 16:56:33,295 [Worker-1: Building] INFO  o.e.m.c.i.e.AbstractTransferListenerAdapter - Downloaded https://repo.maven.apache.org/maven2/org/sonatype/sisu/sisu-inject-bean/1.4.2/sisu-inject-bean-1.4.2.pom
2024-06-20 16:56:33,324 [Worker-1: Building] INFO  o.e.m.c.i.e.AbstractTransferListenerAdapter - Downloading https://repo.maven.apache.org/maven2/org/sonatype/sisu/sisu-guice/2.1.7/sisu-guice-2.1.7.pom
2024-06-20 16:56:33,363 [Worker-1: Building] INFO  o.e.m.c.i.e.AbstractTransferListenerAdapter - Downloaded https://repo.maven.apache.org/maven2/org/sonatype/sisu/sisu-guice/2.1.7/sisu-guice-2.1.7.pom
2024-06-20 16:56:33,404 [Worker-1: Building] INFO  o.e.m.c.i.e.AbstractTransferListenerAdapter - Downloading https://repo.maven.apache.org/maven2/org/apache/maven/maven-model-builder/3.0/maven-model-builder-3.0.pom
2024-06-20 16:56:33,431 [Worker-1: Building] INFO  o.e.m.c.i.e.AbstractTransferListenerAdapter - Downloaded https://repo.maven.apache.org/maven2/org/apache/maven/maven-model-builder/3.0/maven-model-builder-3.0.pom
2024-06-20 16:56:33,462 [Worker-1: Building] INFO  o.e.m.c.i.e.AbstractTransferListenerAdapter - Downloading https://repo.maven.apache.org/maven2/org/apache/maven/maven-aether-provider/3.0/maven-aether-provider-3.0.pom
2024-06-20 16:56:33,491 [Worker-1: Building] INFO  o.e.m.c.i.e.AbstractTransferListenerAdapter - Downloaded https://repo.maven.apache.org/maven2/org/apache/maven/maven-aether-provider/3.0/maven-aether-provider-3.0.pom
2024-06-20 16:56:33,520 [Worker-1: Building] INFO  o.e.m.c.i.e.AbstractTransferListenerAdapter - Downloading https://repo.maven.apache.org/maven2/org/sonatype/aether/aether-api/1.7/aether-api-1.7.pom
2024-06-20 16:56:33,548 [Worker-1: Building] INFO  o.e.m.c.i.e.AbstractTransferListenerAdapter - Downloaded https://repo.maven.apache.org/maven2/org/sonatype/aether/aether-api/1.7/aether-api-1.7.pom
2024-06-20 16:56:33,573 [Worker-1: Building] INFO  o.e.m.c.i.e.AbstractTransferListenerAdapter - Downloading https://repo.maven.apache.org/maven2/org/sonatype/aether/aether-parent/1.7/aether-parent-1.7.pom
2024-06-20 16:56:33,605 [Worker-1: Building] INFO  o.e.m.c.i.e.AbstractTransferListenerAdapter - Downloaded https://repo.maven.apache.org/maven2/org/sonatype/aether/aether-parent/1.7/aether-parent-1.7.pom
2024-06-20 16:56:33,630 [Worker-1: Building] INFO  o.e.m.c.i.e.AbstractTransferListenerAdapter - Downloading https://repo.maven.apache.org/maven2/org/sonatype/aether/aether-util/1.7/aether-util-1.7.pom
2024-06-20 16:56:33,653 [Worker-1: Building] INFO  o.e.m.c.i.e.AbstractTransferListenerAdapter - Downloaded https://repo.maven.apache.org/maven2/org/sonatype/aether/aether-util/1.7/aether-util-1.7.pom
2024-06-20 16:56:33,679 [Worker-1: Building] INFO  o.e.m.c.i.e.AbstractTransferListenerAdapter - Downloading https://repo.maven.apache.org/maven2/org/sonatype/aether/aether-impl/1.7/aether-impl-1.7.pom
2024-06-20 16:56:33,711 [Worker-1: Building] INFO  o.e.m.c.i.e.AbstractTransferListenerAdapter - Downloaded https://repo.maven.apache.org/maven2/org/sonatype/aether/aether-impl/1.7/aether-impl-1.7.pom
2024-06-20 16:56:33,738 [Worker-1: Building] INFO  o.e.m.c.i.e.AbstractTransferListenerAdapter - Downloading https://repo.maven.apache.org/maven2/org/sonatype/aether/aether-spi/1.7/aether-spi-1.7.pom
2024-06-20 16:56:33,770 [Worker-1: Building] INFO  o.e.m.c.i.e.AbstractTransferListenerAdapter - Downloaded https://repo.maven.apache.org/maven2/org/sonatype/aether/aether-spi/1.7/aether-spi-1.7.pom
2024-06-20 16:56:33,799 [Worker-1: Building] INFO  o.e.m.c.i.e.AbstractTransferListenerAdapter - Downloading https://repo.maven.apache.org/maven2/org/codehaus/plexus/plexus-interpolation/1.21/plexus-interpolation-1.21.pom
2024-06-20 16:56:33,833 [Worker-1: Building] INFO  o.e.m.c.i.e.AbstractTransferListenerAdapter - Downloaded https://repo.maven.apache.org/maven2/org/codehaus/plexus/plexus-interpolation/1.21/plexus-interpolation-1.21.pom
2024-06-20 16:56:33,858 [Worker-1: Building] INFO  o.e.m.c.i.e.AbstractTransferListenerAdapter - Downloading https://repo.maven.apache.org/maven2/org/codehaus/plexus/plexus-components/1.3.1/plexus-components-1.3.1.pom
2024-06-20 16:56:33,885 [Worker-1: Building] INFO  o.e.m.c.i.e.AbstractTransferListenerAdapter - Downloaded https://repo.maven.apache.org/maven2/org/codehaus/plexus/plexus-components/1.3.1/plexus-components-1.3.1.pom
2024-06-20 16:56:33,912 [Worker-1: Building] INFO  o.e.m.c.i.e.AbstractTransferListenerAdapter - Downloading https://repo.maven.apache.org/maven2/org/codehaus/plexus/plexus/3.3.1/plexus-3.3.1.pom
2024-06-20 16:56:33,949 [Worker-1: Building] INFO  o.e.m.c.i.e.AbstractTransferListenerAdapter - Downloaded https://repo.maven.apache.org/maven2/org/codehaus/plexus/plexus/3.3.1/plexus-3.3.1.pom
2024-06-20 16:56:33,992 [Worker-1: Building] INFO  o.e.m.c.i.e.AbstractTransferListenerAdapter - Downloading https://repo.maven.apache.org/maven2/org/sonatype/spice/spice-parent/17/spice-parent-17.pom
2024-06-20 16:56:34,030 [Worker-1: Building] INFO  o.e.m.c.i.e.AbstractTransferListenerAdapter - Downloaded https://repo.maven.apache.org/maven2/org/sonatype/spice/spice-parent/17/spice-parent-17.pom
2024-06-20 16:56:34,059 [Worker-1: Building] INFO  o.e.m.c.i.e.AbstractTransferListenerAdapter - Downloading https://repo.maven.apache.org/maven2/org/sonatype/forge/forge-parent/10/forge-parent-10.pom
2024-06-20 16:56:34,101 [Worker-1: Building] INFO  o.e.m.c.i.e.AbstractTransferListenerAdapter - Downloaded https://repo.maven.apache.org/maven2/org/sonatype/forge/forge-parent/10/forge-parent-10.pom
2024-06-20 16:56:34,234 [Worker-1: Building] INFO  o.e.m.c.i.e.AbstractTransferListenerAdapter - Downloading https://repo.maven.apache.org/maven2/org/apache/maven/maven-archiver/3.6.0/maven-archiver-3.6.0.jar
2024-06-20 16:56:34,479 [Worker-1: Building] INFO  o.e.m.c.i.e.AbstractTransferListenerAdapter - Downloaded https://repo.maven.apache.org/maven2/org/apache/maven/maven-archiver/3.6.0/maven-archiver-3.6.0.jar
2024-06-20 16:56:34,520 [BasicRepositoryConnector-repo.maven.apache.org-2-2] INFO  o.e.m.c.i.e.AbstractTransferListenerAdapter - Downloading https://repo.maven.apache.org/maven2/org/slf4j/slf4j-api/1.7.36/slf4j-api-1.7.36.jar
2024-06-20 16:56:34,571 [BasicRepositoryConnector-repo.maven.apache.org-2-3] INFO  o.e.m.c.i.e.AbstractTransferListenerAdapter - Downloading https://repo.maven.apache.org/maven2/commons-io/commons-io/2.13.0/commons-io-2.13.0.jar
2024-06-20 16:56:34,572 [BasicRepositoryConnector-repo.maven.apache.org-2-4] INFO  o.e.m.c.i.e.AbstractTransferListenerAdapter - Downloading https://repo.maven.apache.org/maven2/org/codehaus/plexus/plexus-archiver/4.7.1/plexus-archiver-4.7.1.jar
2024-06-20 16:56:34,583 [BasicRepositoryConnector-repo.maven.apache.org-2-0] INFO  o.e.m.c.i.e.AbstractTransferListenerAdapter - Downloading https://repo.maven.apache.org/maven2/org/codehaus/plexus/plexus-io/3.4.0/plexus-io-3.4.0.jar
2024-06-20 16:56:34,583 [BasicRepositoryConnector-repo.maven.apache.org-2-1] INFO  o.e.m.c.i.e.AbstractTransferListenerAdapter - Downloading https://repo.maven.apache.org/maven2/org/apache/maven/shared/maven-shared-utils/3.4.2/maven-shared-utils-3.4.2.jar
2024-06-20 16:56:34,689 [BasicRepositoryConnector-repo.maven.apache.org-2-0] INFO  o.e.m.c.i.e.AbstractTransferListenerAdapter - Downloaded https://repo.maven.apache.org/maven2/org/codehaus/plexus/plexus-io/3.4.0/plexus-io-3.4.0.jar
2024-06-20 16:56:34,706 [BasicRepositoryConnector-repo.maven.apache.org-2-0] INFO  o.e.m.c.i.e.AbstractTransferListenerAdapter - Downloading https://repo.maven.apache.org/maven2/javax/inject/javax.inject/1/javax.inject-1.jar
2024-06-20 16:56:34,723 [BasicRepositoryConnector-repo.maven.apache.org-2-3] INFO  o.e.m.c.i.e.AbstractTransferListenerAdapter - Downloaded https://repo.maven.apache.org/maven2/commons-io/commons-io/2.13.0/commons-io-2.13.0.jar
2024-06-20 16:56:34,748 [BasicRepositoryConnector-repo.maven.apache.org-2-3] INFO  o.e.m.c.i.e.AbstractTransferListenerAdapter - Downloading https://repo.maven.apache.org/maven2/org/apache/commons/commons-compress/1.23.0/commons-compress-1.23.0.jar
2024-06-20 16:56:34,767 [BasicRepositoryConnector-repo.maven.apache.org-2-0] INFO  o.e.m.c.i.e.AbstractTransferListenerAdapter - Downloaded https://repo.maven.apache.org/maven2/javax/inject/javax.inject/1/javax.inject-1.jar
2024-06-20 16:56:34,781 [BasicRepositoryConnector-repo.maven.apache.org-2-4] INFO  o.e.m.c.i.e.AbstractTransferListenerAdapter - Downloaded https://repo.maven.apache.org/maven2/org/codehaus/plexus/plexus-archiver/4.7.1/plexus-archiver-4.7.1.jar
2024-06-20 16:56:34,790 [BasicRepositoryConnector-repo.maven.apache.org-2-1] INFO  o.e.m.c.i.e.AbstractTransferListenerAdapter - Downloaded https://repo.maven.apache.org/maven2/org/apache/maven/shared/maven-shared-utils/3.4.2/maven-shared-utils-3.4.2.jar
2024-06-20 16:56:34,798 [BasicRepositoryConnector-repo.maven.apache.org-2-0] INFO  o.e.m.c.i.e.AbstractTransferListenerAdapter - Downloading https://repo.maven.apache.org/maven2/org/iq80/snappy/snappy/0.4/snappy-0.4.jar
2024-06-20 16:56:34,812 [BasicRepositoryConnector-repo.maven.apache.org-2-1] INFO  o.e.m.c.i.e.AbstractTransferListenerAdapter - Downloading https://repo.maven.apache.org/maven2/com/github/luben/zstd-jni/1.5.5-2/zstd-jni-1.5.5-2.jar
2024-06-20 16:56:34,813 [BasicRepositoryConnector-repo.maven.apache.org-2-4] INFO  o.e.m.c.i.e.AbstractTransferListenerAdapter - Downloading https://repo.maven.apache.org/maven2/org/tukaani/xz/1.9/xz-1.9.jar
2024-06-20 16:56:34,896 [BasicRepositoryConnector-repo.maven.apache.org-2-4] INFO  o.e.m.c.i.e.AbstractTransferListenerAdapter - Downloaded https://repo.maven.apache.org/maven2/org/tukaani/xz/1.9/xz-1.9.jar
2024-06-20 16:56:34,899 [BasicRepositoryConnector-repo.maven.apache.org-2-3] INFO  o.e.m.c.i.e.AbstractTransferListenerAdapter - Downloaded https://repo.maven.apache.org/maven2/org/apache/commons/commons-compress/1.23.0/commons-compress-1.23.0.jar
2024-06-20 16:56:34,903 [BasicRepositoryConnector-repo.maven.apache.org-2-0] INFO  o.e.m.c.i.e.AbstractTransferListenerAdapter - Downloaded https://repo.maven.apache.org/maven2/org/iq80/snappy/snappy/0.4/snappy-0.4.jar
2024-06-20 16:56:34,921 [BasicRepositoryConnector-repo.maven.apache.org-2-4] INFO  o.e.m.c.i.e.AbstractTransferListenerAdapter - Downloading https://repo.maven.apache.org/maven2/org/codehaus/plexus/plexus-interpolation/1.26/plexus-interpolation-1.26.jar
2024-06-20 16:56:34,922 [BasicRepositoryConnector-repo.maven.apache.org-2-3] INFO  o.e.m.c.i.e.AbstractTransferListenerAdapter - Downloading https://repo.maven.apache.org/maven2/org/codehaus/plexus/plexus-utils/3.5.1/plexus-utils-3.5.1.jar
2024-06-20 16:56:34,935 [BasicRepositoryConnector-repo.maven.apache.org-2-0] INFO  o.e.m.c.i.e.AbstractTransferListenerAdapter - Downloading https://repo.maven.apache.org/maven2/org/apache/maven/shared/maven-filtering/3.3.1/maven-filtering-3.3.1.jar
2024-06-20 16:56:35,005 [BasicRepositoryConnector-repo.maven.apache.org-2-0] INFO  o.e.m.c.i.e.AbstractTransferListenerAdapter - Downloaded https://repo.maven.apache.org/maven2/org/apache/maven/shared/maven-filtering/3.3.1/maven-filtering-3.3.1.jar
2024-06-20 16:56:35,021 [BasicRepositoryConnector-repo.maven.apache.org-2-3] INFO  o.e.m.c.i.e.AbstractTransferListenerAdapter - Downloaded https://repo.maven.apache.org/maven2/org/codehaus/plexus/plexus-utils/3.5.1/plexus-utils-3.5.1.jar
2024-06-20 16:56:35,026 [BasicRepositoryConnector-repo.maven.apache.org-2-0] INFO  o.e.m.c.i.e.AbstractTransferListenerAdapter - Downloading https://repo.maven.apache.org/maven2/org/sonatype/plexus/plexus-build-api/0.0.7/plexus-build-api-0.0.7.jar
2024-06-20 16:56:35,042 [BasicRepositoryConnector-repo.maven.apache.org-2-3] INFO  o.e.m.c.i.e.AbstractTransferListenerAdapter - Downloading https://repo.maven.apache.org/maven2/org/apache/maven/shared/maven-mapping/3.0.0/maven-mapping-3.0.0.jar
2024-06-20 16:56:35,074 [BasicRepositoryConnector-repo.maven.apache.org-2-4] INFO  o.e.m.c.i.e.AbstractTransferListenerAdapter - Downloaded https://repo.maven.apache.org/maven2/org/codehaus/plexus/plexus-interpolation/1.26/plexus-interpolation-1.26.jar
2024-06-20 16:56:35,134 [BasicRepositoryConnector-repo.maven.apache.org-2-4] INFO  o.e.m.c.i.e.AbstractTransferListenerAdapter - Downloading https://repo.maven.apache.org/maven2/org/apache/maven/maven-core/3.0/maven-core-3.0.jar
2024-06-20 16:56:35,240 [BasicRepositoryConnector-repo.maven.apache.org-2-4] INFO  o.e.m.c.i.e.AbstractTransferListenerAdapter - Downloaded https://repo.maven.apache.org/maven2/org/apache/maven/maven-core/3.0/maven-core-3.0.jar
2024-06-20 16:56:35,269 [BasicRepositoryConnector-repo.maven.apache.org-2-4] INFO  o.e.m.c.i.e.AbstractTransferListenerAdapter - Downloading https://repo.maven.apache.org/maven2/org/apache/maven/maven-model/3.0/maven-model-3.0.jar
2024-06-20 16:56:35,330 [BasicRepositoryConnector-repo.maven.apache.org-2-0] INFO  o.e.m.c.i.e.AbstractTransferListenerAdapter - Downloaded https://repo.maven.apache.org/maven2/org/sonatype/plexus/plexus-build-api/0.0.7/plexus-build-api-0.0.7.jar
2024-06-20 16:56:35,351 [BasicRepositoryConnector-repo.maven.apache.org-2-0] INFO  o.e.m.c.i.e.AbstractTransferListenerAdapter - Downloading https://repo.maven.apache.org/maven2/org/apache/maven/maven-settings-builder/3.0/maven-settings-builder-3.0.jar
2024-06-20 16:56:35,383 [BasicRepositoryConnector-repo.maven.apache.org-2-3] INFO  o.e.m.c.i.e.AbstractTransferListenerAdapter - Downloaded https://repo.maven.apache.org/maven2/org/apache/maven/shared/maven-mapping/3.0.0/maven-mapping-3.0.0.jar
2024-06-20 16:56:35,405 [BasicRepositoryConnector-repo.maven.apache.org-2-3] INFO  o.e.m.c.i.e.AbstractTransferListenerAdapter - Downloading https://repo.maven.apache.org/maven2/org/apache/maven/maven-repository-metadata/3.0/maven-repository-metadata-3.0.jar
2024-06-20 16:56:35,454 [BasicRepositoryConnector-repo.maven.apache.org-2-4] INFO  o.e.m.c.i.e.AbstractTransferListenerAdapter - Downloaded https://repo.maven.apache.org/maven2/org/apache/maven/maven-model/3.0/maven-model-3.0.jar
2024-06-20 16:56:35,476 [BasicRepositoryConnector-repo.maven.apache.org-2-4] INFO  o.e.m.c.i.e.AbstractTransferListenerAdapter - Downloading https://repo.maven.apache.org/maven2/org/apache/maven/maven-artifact/3.0/maven-artifact-3.0.jar
2024-06-20 16:56:35,578 [BasicRepositoryConnector-repo.maven.apache.org-2-4] INFO  o.e.m.c.i.e.AbstractTransferListenerAdapter - Downloaded https://repo.maven.apache.org/maven2/org/apache/maven/maven-artifact/3.0/maven-artifact-3.0.jar
2024-06-20 16:56:35,611 [BasicRepositoryConnector-repo.maven.apache.org-2-4] INFO  o.e.m.c.i.e.AbstractTransferListenerAdapter - Downloading https://repo.maven.apache.org/maven2/org/apache/maven/maven-plugin-api/3.0/maven-plugin-api-3.0.jar
2024-06-20 16:56:35,756 [BasicRepositoryConnector-repo.maven.apache.org-2-2] INFO  o.e.m.c.i.e.AbstractTransferListenerAdapter - Downloaded https://repo.maven.apache.org/maven2/org/slf4j/slf4j-api/1.7.36/slf4j-api-1.7.36.jar
2024-06-20 16:56:35,778 [BasicRepositoryConnector-repo.maven.apache.org-2-2] INFO  o.e.m.c.i.e.AbstractTransferListenerAdapter - Downloading https://repo.maven.apache.org/maven2/org/apache/maven/maven-model-builder/3.0/maven-model-builder-3.0.jar
2024-06-20 16:56:35,878 [BasicRepositoryConnector-repo.maven.apache.org-2-2] INFO  o.e.m.c.i.e.AbstractTransferListenerAdapter - Downloaded https://repo.maven.apache.org/maven2/org/apache/maven/maven-model-builder/3.0/maven-model-builder-3.0.jar
2024-06-20 16:56:35,917 [BasicRepositoryConnector-repo.maven.apache.org-2-2] INFO  o.e.m.c.i.e.AbstractTransferListenerAdapter - Downloading https://repo.maven.apache.org/maven2/org/apache/maven/maven-aether-provider/3.0/maven-aether-provider-3.0.jar
2024-06-20 16:56:35,944 [BasicRepositoryConnector-repo.maven.apache.org-2-3] INFO  o.e.m.c.i.e.AbstractTransferListenerAdapter - Downloaded https://repo.maven.apache.org/maven2/org/apache/maven/maven-repository-metadata/3.0/maven-repository-metadata-3.0.jar
2024-06-20 16:56:35,970 [BasicRepositoryConnector-repo.maven.apache.org-2-3] INFO  o.e.m.c.i.e.AbstractTransferListenerAdapter - Downloading https://repo.maven.apache.org/maven2/org/sonatype/aether/aether-impl/1.7/aether-impl-1.7.jar
2024-06-20 16:56:36,419 [BasicRepositoryConnector-repo.maven.apache.org-2-2] INFO  o.e.m.c.i.e.AbstractTransferListenerAdapter - Downloaded https://repo.maven.apache.org/maven2/org/apache/maven/maven-aether-provider/3.0/maven-aether-provider-3.0.jar
2024-06-20 16:56:36,444 [BasicRepositoryConnector-repo.maven.apache.org-2-2] INFO  o.e.m.c.i.e.AbstractTransferListenerAdapter - Downloading https://repo.maven.apache.org/maven2/org/sonatype/aether/aether-spi/1.7/aether-spi-1.7.jar
2024-06-20 16:56:36,454 [BasicRepositoryConnector-repo.maven.apache.org-2-3] INFO  o.e.m.c.i.e.AbstractTransferListenerAdapter - Downloaded https://repo.maven.apache.org/maven2/org/sonatype/aether/aether-impl/1.7/aether-impl-1.7.jar
2024-06-20 16:56:36,472 [BasicRepositoryConnector-repo.maven.apache.org-2-3] INFO  o.e.m.c.i.e.AbstractTransferListenerAdapter - Downloading https://repo.maven.apache.org/maven2/org/sonatype/aether/aether-api/1.7/aether-api-1.7.jar
2024-06-20 16:56:36,629 [BasicRepositoryConnector-repo.maven.apache.org-2-3] INFO  o.e.m.c.i.e.AbstractTransferListenerAdapter - Downloaded https://repo.maven.apache.org/maven2/org/sonatype/aether/aether-api/1.7/aether-api-1.7.jar
2024-06-20 16:56:36,650 [BasicRepositoryConnector-repo.maven.apache.org-2-3] INFO  o.e.m.c.i.e.AbstractTransferListenerAdapter - Downloading https://repo.maven.apache.org/maven2/org/sonatype/aether/aether-util/1.7/aether-util-1.7.jar
2024-06-20 16:56:36,728 [BasicRepositoryConnector-repo.maven.apache.org-2-3] INFO  o.e.m.c.i.e.AbstractTransferListenerAdapter - Downloaded https://repo.maven.apache.org/maven2/org/sonatype/aether/aether-util/1.7/aether-util-1.7.jar
2024-06-20 16:56:36,752 [BasicRepositoryConnector-repo.maven.apache.org-2-3] INFO  o.e.m.c.i.e.AbstractTransferListenerAdapter - Downloading https://repo.maven.apache.org/maven2/org/sonatype/sisu/sisu-inject-plexus/1.4.2/sisu-inject-plexus-1.4.2.jar
2024-06-20 16:56:36,833 [BasicRepositoryConnector-repo.maven.apache.org-2-4] INFO  o.e.m.c.i.e.AbstractTransferListenerAdapter - Downloaded https://repo.maven.apache.org/maven2/org/apache/maven/maven-plugin-api/3.0/maven-plugin-api-3.0.jar
2024-06-20 16:56:36,842 [BasicRepositoryConnector-repo.maven.apache.org-2-3] INFO  o.e.m.c.i.e.AbstractTransferListenerAdapter - Downloaded https://repo.maven.apache.org/maven2/org/sonatype/sisu/sisu-inject-plexus/1.4.2/sisu-inject-plexus-1.4.2.jar
2024-06-20 16:56:36,854 [BasicRepositoryConnector-repo.maven.apache.org-2-4] INFO  o.e.m.c.i.e.AbstractTransferListenerAdapter - Downloading https://repo.maven.apache.org/maven2/org/sonatype/sisu/sisu-inject-bean/1.4.2/sisu-inject-bean-1.4.2.jar
2024-06-20 16:56:36,860 [BasicRepositoryConnector-repo.maven.apache.org-2-3] INFO  o.e.m.c.i.e.AbstractTransferListenerAdapter - Downloading https://repo.maven.apache.org/maven2/org/sonatype/sisu/sisu-guice/2.1.7/sisu-guice-2.1.7-noaop.jar
2024-06-20 16:56:36,945 [BasicRepositoryConnector-repo.maven.apache.org-2-1] INFO  o.e.m.c.i.e.AbstractTransferListenerAdapter - Downloaded https://repo.maven.apache.org/maven2/com/github/luben/zstd-jni/1.5.5-2/zstd-jni-1.5.5-2.jar
2024-06-20 16:56:36,971 [BasicRepositoryConnector-repo.maven.apache.org-2-1] INFO  o.e.m.c.i.e.AbstractTransferListenerAdapter - Downloading https://repo.maven.apache.org/maven2/org/codehaus/plexus/plexus-classworlds/2.2.3/plexus-classworlds-2.2.3.jar
2024-06-20 16:56:36,994 [BasicRepositoryConnector-repo.maven.apache.org-2-3] INFO  o.e.m.c.i.e.AbstractTransferListenerAdapter - Downloaded https://repo.maven.apache.org/maven2/org/sonatype/sisu/sisu-guice/2.1.7/sisu-guice-2.1.7-noaop.jar
2024-06-20 16:56:37,020 [BasicRepositoryConnector-repo.maven.apache.org-2-3] INFO  o.e.m.c.i.e.AbstractTransferListenerAdapter - Downloading https://repo.maven.apache.org/maven2/org/sonatype/plexus/plexus-sec-dispatcher/1.3/plexus-sec-dispatcher-1.3.jar
2024-06-20 16:56:37,116 [BasicRepositoryConnector-repo.maven.apache.org-2-4] INFO  o.e.m.c.i.e.AbstractTransferListenerAdapter - Downloaded https://repo.maven.apache.org/maven2/org/sonatype/sisu/sisu-inject-bean/1.4.2/sisu-inject-bean-1.4.2.jar
2024-06-20 16:56:37,120 [BasicRepositoryConnector-repo.maven.apache.org-2-2] INFO  o.e.m.c.i.e.AbstractTransferListenerAdapter - Downloaded https://repo.maven.apache.org/maven2/org/sonatype/aether/aether-spi/1.7/aether-spi-1.7.jar
2024-06-20 16:56:37,138 [BasicRepositoryConnector-repo.maven.apache.org-2-4] INFO  o.e.m.c.i.e.AbstractTransferListenerAdapter - Downloading https://repo.maven.apache.org/maven2/org/sonatype/plexus/plexus-cipher/1.4/plexus-cipher-1.4.jar
2024-06-20 16:56:37,188 [BasicRepositoryConnector-repo.maven.apache.org-2-0] INFO  o.e.m.c.i.e.AbstractTransferListenerAdapter - Downloaded https://repo.maven.apache.org/maven2/org/apache/maven/maven-settings-builder/3.0/maven-settings-builder-3.0.jar
2024-06-20 16:56:37,579 [BasicRepositoryConnector-repo.maven.apache.org-2-4] INFO  o.e.m.c.i.e.AbstractTransferListenerAdapter - Downloaded https://repo.maven.apache.org/maven2/org/sonatype/plexus/plexus-cipher/1.4/plexus-cipher-1.4.jar
2024-06-20 16:56:37,795 [BasicRepositoryConnector-repo.maven.apache.org-2-3] INFO  o.e.m.c.i.e.AbstractTransferListenerAdapter - Downloaded https://repo.maven.apache.org/maven2/org/sonatype/plexus/plexus-sec-dispatcher/1.3/plexus-sec-dispatcher-1.3.jar
2024-06-20 16:56:38,149 [BasicRepositoryConnector-repo.maven.apache.org-2-1] INFO  o.e.m.c.i.e.AbstractTransferListenerAdapter - Downloaded https://repo.maven.apache.org/maven2/org/codehaus/plexus/plexus-classworlds/2.2.3/plexus-classworlds-2.2.3.jar
2024-06-20 16:56:39,245 [Worker-1: Building] INFO  o.e.m.c.i.e.AbstractTransferListenerAdapter - Downloading https://repo.maven.apache.org/maven2/org/apache/commons/commons-lang3/3.12.0/commons-lang3-3.12.0.pom
2024-06-20 16:56:39,346 [Worker-1: Building] INFO  o.e.m.c.i.e.AbstractTransferListenerAdapter - Downloaded https://repo.maven.apache.org/maven2/org/apache/commons/commons-lang3/3.12.0/commons-lang3-3.12.0.pom
2024-06-20 16:56:39,413 [Worker-1: Building] INFO  o.e.m.c.i.e.AbstractTransferListenerAdapter - Downloading https://repo.maven.apache.org/maven2/org/junit/junit-bom/5.7.1/junit-bom-5.7.1.pom
2024-06-20 16:56:39,481 [Worker-1: Building] INFO  o.e.m.c.i.e.AbstractTransferListenerAdapter - Downloaded https://repo.maven.apache.org/maven2/org/junit/junit-bom/5.7.1/junit-bom-5.7.1.pom
2024-06-20 16:56:39,526 [Worker-1: Building] INFO  o.e.m.c.i.e.AbstractTransferListenerAdapter - Downloading https://repo.maven.apache.org/maven2/commons-io/commons-io/2.11.0/commons-io-2.11.0.jar
2024-06-20 16:56:39,577 [Worker-1: Building] INFO  o.e.m.c.i.e.AbstractTransferListenerAdapter - Downloaded https://repo.maven.apache.org/maven2/commons-io/commons-io/2.11.0/commons-io-2.11.0.jar
2024-06-20 16:56:39,595 [BasicRepositoryConnector-repo.maven.apache.org-3-0] INFO  o.e.m.c.i.e.AbstractTransferListenerAdapter - Downloading https://repo.maven.apache.org/maven2/org/apache/commons/commons-lang3/3.12.0/commons-lang3-3.12.0.jar
2024-06-20 16:56:39,656 [BasicRepositoryConnector-repo.maven.apache.org-3-0] INFO  o.e.m.c.i.e.AbstractTransferListenerAdapter - Downloaded https://repo.maven.apache.org/maven2/org/apache/commons/commons-lang3/3.12.0/commons-lang3-3.12.0.jar
2024-06-20 16:56:39,739 [Worker-1: Building] WARN  o.a.m.s.f.DefaultMavenResourcesFiltering - Using platform encoding (Cp1252 actually) to copy filtered resources, i.e. build is platform dependent!
2024-06-20 16:56:39,748 [Worker-1: Building] INFO  o.a.m.s.f.DefaultMavenResourcesFiltering - Copying 0 resource from src\main\resources to target\classes
2024-06-20 16:56:39,754 [Worker-1: Building] WARN  o.a.m.s.f.DefaultMavenResourcesFiltering - Using platform encoding (Cp1252 actually) to copy filtered resources, i.e. build is platform dependent!
2024-06-20 16:56:39,755 [Worker-1: Building] INFO  o.a.m.s.f.DefaultMavenResourcesFiltering - skip non existing resourceDirectory C:\Users\HP\OneDrive\Desktop\java\JUNIT\src\test\resources
2024-06-20 16:56:40,216 [Worker-6: Download sources and javadoc] INFO  o.e.m.c.i.e.AbstractTransferListenerAdapter - Downloading https://repo.maven.apache.org/maven2/junit/junit/4.13.2/junit-4.13.2-sources.jar
2024-06-20 16:56:40,757 [Worker-6: Download sources and javadoc] INFO  o.e.m.c.i.e.AbstractTransferListenerAdapter - Downloaded https://repo.maven.apache.org/maven2/junit/junit/4.13.2/junit-4.13.2-sources.jar
2024-06-20 16:56:40,764 [Worker-6: Download sources and javadoc] INFO  o.e.m.j.internal.DownloadSourcesJob - Downloaded sources for junit:junit:4.13.2
2024-06-20 16:56:40,842 [Worker-6: Download sources and javadoc] INFO  o.e.m.c.i.e.AbstractTransferListenerAdapter - Downloading https://repo.maven.apache.org/maven2/org/hamcrest/hamcrest-core/1.3/hamcrest-core-1.3-sources.jar
2024-06-20 16:56:41,585 [Worker-4: Updating Maven Dependencies] INFO  o.e.m.c.i.l.LifecycleMappingFactory - Using org.maven.ide.eclipse.wtp.WarLifecycleMapping lifecycle mapping for MavenProject: com.rays:Neeraj:0.0.1-SNAPSHOT @ C:\Users\HP\OneDrive\Desktop\java\JUNIT\pom.xml.
2024-06-20 16:56:43,115 [Worker-1: Building] INFO  o.e.m.c.i.l.LifecycleMappingFactory - Using org.maven.ide.eclipse.wtp.WarLifecycleMapping lifecycle mapping for MavenProject: com.rays:Log4J:0.0.1-SNAPSHOT @ C:\Users\HP\OneDrive\Desktop\java\Log4J\pom.xml.
2024-06-20 16:56:43,269 [Worker-1: Building] INFO  o.e.m.c.i.e.AbstractTransferListenerAdapter - Downloading https://repo.maven.apache.org/maven2/junit/junit/3.8.1/junit-3.8.1.pom
2024-06-20 16:56:43,353 [Worker-1: Building] INFO  o.e.m.c.i.e.AbstractTransferListenerAdapter - Downloaded https://repo.maven.apache.org/maven2/junit/junit/3.8.1/junit-3.8.1.pom
2024-06-20 16:56:43,394 [Worker-1: Building] INFO  o.e.m.c.i.e.AbstractTransferListenerAdapter - Downloading https://repo.maven.apache.org/maven2/log4j/log4j/1.2.17/log4j-1.2.17.pom
2024-06-20 16:56:43,463 [Worker-1: Building] INFO  o.e.m.c.i.e.AbstractTransferListenerAdapter - Downloaded https://repo.maven.apache.org/maven2/log4j/log4j/1.2.17/log4j-1.2.17.pom
2024-06-20 16:56:43,563 [Worker-1: Building] INFO  o.e.m.c.i.e.AbstractTransferListenerAdapter - Downloading https://repo.maven.apache.org/maven2/junit/junit/3.8.1/junit-3.8.1.jar
2024-06-20 16:56:43,613 [Worker-1: Building] INFO  o.e.m.c.i.e.AbstractTransferListenerAdapter - Downloaded https://repo.maven.apache.org/maven2/junit/junit/3.8.1/junit-3.8.1.jar
2024-06-20 16:56:43,634 [BasicRepositoryConnector-repo.maven.apache.org-4-0] INFO  o.e.m.c.i.e.AbstractTransferListenerAdapter - Downloading https://repo.maven.apache.org/maven2/log4j/log4j/1.2.17/log4j-1.2.17.jar
2024-06-20 16:56:43,821 [BasicRepositoryConnector-repo.maven.apache.org-4-0] INFO  o.e.m.c.i.e.AbstractTransferListenerAdapter - Downloaded https://repo.maven.apache.org/maven2/log4j/log4j/1.2.17/log4j-1.2.17.jar
2024-06-20 16:56:43,828 [Worker-6: Download sources and javadoc] INFO  o.e.m.c.i.e.AbstractTransferListenerAdapter - Downloaded https://repo.maven.apache.org/maven2/org/hamcrest/hamcrest-core/1.3/hamcrest-core-1.3-sources.jar
2024-06-20 16:56:43,835 [Worker-6: Download sources and javadoc] INFO  o.e.m.j.internal.DownloadSourcesJob - Downloaded sources for org.hamcrest:hamcrest-core:1.3
2024-06-20 16:56:45,452 [Worker-1: Building] WARN  o.a.m.s.f.DefaultMavenResourcesFiltering - Using platform encoding (Cp1252 actually) to copy filtered resources, i.e. build is platform dependent!
2024-06-20 16:56:45,455 [Worker-1: Building] INFO  o.a.m.s.f.DefaultMavenResourcesFiltering - Copying 0 resource from src\main\resources to target\classes
2024-06-20 16:56:45,474 [Worker-1: Building] WARN  o.a.m.s.f.DefaultMavenResourcesFiltering - Using platform encoding (Cp1252 actually) to copy filtered resources, i.e. build is platform dependent!
2024-06-20 16:56:45,478 [Worker-1: Building] INFO  o.a.m.s.f.DefaultMavenResourcesFiltering - skip non existing resourceDirectory C:\Users\HP\OneDrive\Desktop\java\Log4J\src\test\resources
2024-06-20 16:56:46,766 [Worker-11: Download sources and javadoc] INFO  o.e.m.c.i.e.AbstractTransferListenerAdapter - Downloading https://repo.maven.apache.org/maven2/junit/junit/3.8.1/junit-3.8.1-sources.jar
2024-06-20 16:56:46,975 [Worker-6: Updating Maven Dependencies] INFO  o.e.m.c.i.l.LifecycleMappingFactory - Using org.maven.ide.eclipse.wtp.WarLifecycleMapping lifecycle mapping for MavenProject: com.rays:Neeraj:0.0.1-SNAPSHOT @ C:\Users\HP\OneDrive\Desktop\java\JUNIT\pom.xml.
2024-06-20 16:56:47,718 [Worker-11: Download sources and javadoc] INFO  o.e.m.c.i.e.AbstractTransferListenerAdapter - Downloaded https://repo.maven.apache.org/maven2/junit/junit/3.8.1/junit-3.8.1-sources.jar
2024-06-20 16:56:47,724 [Worker-11: Download sources and javadoc] INFO  o.e.m.j.internal.DownloadSourcesJob - Downloaded sources for junit:junit:3.8.1
2024-06-20 16:56:47,815 [Worker-11: Download sources and javadoc] INFO  o.e.m.c.i.e.AbstractTransferListenerAdapter - Downloading https://repo.maven.apache.org/maven2/log4j/log4j/1.2.17/log4j-1.2.17-sources.jar
2024-06-20 16:56:48,119 [Worker-11: Download sources and javadoc] INFO  o.e.m.c.i.e.AbstractTransferListenerAdapter - Downloaded https://repo.maven.apache.org/maven2/log4j/log4j/1.2.17/log4j-1.2.17-sources.jar
2024-06-20 16:56:48,125 [Worker-11: Download sources and javadoc] INFO  o.e.m.j.internal.DownloadSourcesJob - Downloaded sources for log4j:log4j:1.2.17
2024-06-20 16:57:06,252 [Worker-6: Building] INFO  o.e.m.c.i.e.AbstractTransferListenerAdapter - Downloading https://repo.maven.apache.org/maven2/org/apache/maven/plugins/maven-jar-plugin/3.3.0/maven-jar-plugin-3.3.0.jar
2024-06-20 16:57:06,555 [Worker-6: Building] INFO  o.e.m.c.i.e.AbstractTransferListenerAdapter - Downloaded https://repo.maven.apache.org/maven2/org/apache/maven/plugins/maven-jar-plugin/3.3.0/maven-jar-plugin-3.3.0.jar
2024-06-20 16:57:06,749 [Worker-6: Building] INFO  o.e.m.c.i.l.LifecycleMappingFactory - Using org.eclipse.m2e.jdt.JarLifecycleMapping lifecycle mapping for MavenProject: com.spring.aop:Spring_AOP:0.0.1-SNAPSHOT @ C:\Users\HP\OneDrive\Desktop\java\Spring_AOP\pom.xml.
2024-06-20 16:57:06,775 [Worker-6: Building] INFO  o.e.m.c.i.e.AbstractTransferListenerAdapter - Downloading https://repo.maven.apache.org/maven2/org/springframework/spring-core/5.3.20/spring-core-5.3.20.pom
2024-06-20 16:57:06,811 [Worker-6: Building] INFO  o.e.m.c.i.e.AbstractTransferListenerAdapter - Downloaded https://repo.maven.apache.org/maven2/org/springframework/spring-core/5.3.20/spring-core-5.3.20.pom
2024-06-20 16:57:06,840 [Worker-6: Building] INFO  o.e.m.c.i.e.AbstractTransferListenerAdapter - Downloading https://repo.maven.apache.org/maven2/org/springframework/spring-jcl/5.3.20/spring-jcl-5.3.20.pom
2024-06-20 16:57:06,914 [Worker-6: Building] INFO  o.e.m.c.i.e.AbstractTransferListenerAdapter - Downloaded https://repo.maven.apache.org/maven2/org/springframework/spring-jcl/5.3.20/spring-jcl-5.3.20.pom
2024-06-20 16:57:06,950 [Worker-6: Building] INFO  o.e.m.c.i.e.AbstractTransferListenerAdapter - Downloading https://repo.maven.apache.org/maven2/org/springframework/spring-context/5.3.20/spring-context-5.3.20.pom
2024-06-20 16:57:06,979 [Worker-6: Building] INFO  o.e.m.c.i.e.AbstractTransferListenerAdapter - Downloaded https://repo.maven.apache.org/maven2/org/springframework/spring-context/5.3.20/spring-context-5.3.20.pom
2024-06-20 16:57:07,003 [Worker-6: Building] INFO  o.e.m.c.i.e.AbstractTransferListenerAdapter - Downloading https://repo.maven.apache.org/maven2/org/springframework/spring-aop/5.3.20/spring-aop-5.3.20.pom
2024-06-20 16:57:07,035 [Worker-6: Building] INFO  o.e.m.c.i.e.AbstractTransferListenerAdapter - Downloaded https://repo.maven.apache.org/maven2/org/springframework/spring-aop/5.3.20/spring-aop-5.3.20.pom
2024-06-20 16:57:07,058 [Worker-6: Building] INFO  o.e.m.c.i.e.AbstractTransferListenerAdapter - Downloading https://repo.maven.apache.org/maven2/org/springframework/spring-beans/5.3.20/spring-beans-5.3.20.pom
2024-06-20 16:57:07,087 [Worker-6: Building] INFO  o.e.m.c.i.e.AbstractTransferListenerAdapter - Downloaded https://repo.maven.apache.org/maven2/org/springframework/spring-beans/5.3.20/spring-beans-5.3.20.pom
2024-06-20 16:57:07,113 [Worker-6: Building] INFO  o.e.m.c.i.e.AbstractTransferListenerAdapter - Downloading https://repo.maven.apache.org/maven2/org/springframework/spring-expression/5.3.20/spring-expression-5.3.20.pom
2024-06-20 16:57:07,140 [Worker-6: Building] INFO  o.e.m.c.i.e.AbstractTransferListenerAdapter - Downloaded https://repo.maven.apache.org/maven2/org/springframework/spring-expression/5.3.20/spring-expression-5.3.20.pom
2024-06-20 16:57:07,164 [Worker-6: Building] INFO  o.e.m.c.i.e.AbstractTransferListenerAdapter - Downloading https://repo.maven.apache.org/maven2/org/aspectj/aspectjweaver/1.9.6/aspectjweaver-1.9.6.pom
2024-06-20 16:57:07,188 [Worker-6: Building] INFO  o.e.m.c.i.e.AbstractTransferListenerAdapter - Downloaded https://repo.maven.apache.org/maven2/org/aspectj/aspectjweaver/1.9.6/aspectjweaver-1.9.6.pom
2024-06-20 16:57:07,217 [Worker-6: Building] INFO  o.e.m.c.i.e.AbstractTransferListenerAdapter - Downloading https://repo.maven.apache.org/maven2/org/aspectj/aspectjrt/1.9.6/aspectjrt-1.9.6.pom
2024-06-20 16:57:07,254 [Worker-6: Building] INFO  o.e.m.c.i.e.AbstractTransferListenerAdapter - Downloaded https://repo.maven.apache.org/maven2/org/aspectj/aspectjrt/1.9.6/aspectjrt-1.9.6.pom
2024-06-20 16:57:07,285 [Worker-6: Building] INFO  o.e.m.c.i.e.AbstractTransferListenerAdapter - Downloading https://repo.maven.apache.org/maven2/org/springframework/spring-core/5.3.20/spring-core-5.3.20.jar
2024-06-20 16:57:07,536 [Worker-6: Building] INFO  o.e.m.c.i.e.AbstractTransferListenerAdapter - Downloaded https://repo.maven.apache.org/maven2/org/springframework/spring-core/5.3.20/spring-core-5.3.20.jar
2024-06-20 16:57:07,556 [BasicRepositoryConnector-repo.maven.apache.org-5-0] INFO  o.e.m.c.i.e.AbstractTransferListenerAdapter - Downloading https://repo.maven.apache.org/maven2/org/springframework/spring-jcl/5.3.20/spring-jcl-5.3.20.jar
2024-06-20 16:57:07,605 [BasicRepositoryConnector-repo.maven.apache.org-5-4] INFO  o.e.m.c.i.e.AbstractTransferListenerAdapter - Downloading https://repo.maven.apache.org/maven2/org/springframework/spring-aop/5.3.20/spring-aop-5.3.20.jar
2024-06-20 16:57:07,616 [BasicRepositoryConnector-repo.maven.apache.org-5-3] INFO  o.e.m.c.i.e.AbstractTransferListenerAdapter - Downloading https://repo.maven.apache.org/maven2/org/springframework/spring-expression/5.3.20/spring-expression-5.3.20.jar
2024-06-20 16:57:07,616 [BasicRepositoryConnector-repo.maven.apache.org-5-2] INFO  o.e.m.c.i.e.AbstractTransferListenerAdapter - Downloading https://repo.maven.apache.org/maven2/org/springframework/spring-beans/5.3.20/spring-beans-5.3.20.jar
2024-06-20 16:57:07,619 [BasicRepositoryConnector-repo.maven.apache.org-5-1] INFO  o.e.m.c.i.e.AbstractTransferListenerAdapter - Downloading https://repo.maven.apache.org/maven2/org/springframework/spring-context/5.3.20/spring-context-5.3.20.jar
2024-06-20 16:57:07,783 [BasicRepositoryConnector-repo.maven.apache.org-5-3] INFO  o.e.m.c.i.e.AbstractTransferListenerAdapter - Downloaded https://repo.maven.apache.org/maven2/org/springframework/spring-expression/5.3.20/spring-expression-5.3.20.jar
2024-06-20 16:57:07,783 [BasicRepositoryConnector-repo.maven.apache.org-5-4] INFO  o.e.m.c.i.e.AbstractTransferListenerAdapter - Downloaded https://repo.maven.apache.org/maven2/org/springframework/spring-aop/5.3.20/spring-aop-5.3.20.jar
2024-06-20 16:57:07,808 [BasicRepositoryConnector-repo.maven.apache.org-5-4] INFO  o.e.m.c.i.e.AbstractTransferListenerAdapter - Downloading https://repo.maven.apache.org/maven2/org/aspectj/aspectjrt/1.9.6/aspectjrt-1.9.6.jar
2024-06-20 16:57:07,809 [BasicRepositoryConnector-repo.maven.apache.org-5-3] INFO  o.e.m.c.i.e.AbstractTransferListenerAdapter - Downloading https://repo.maven.apache.org/maven2/org/aspectj/aspectjweaver/1.9.6/aspectjweaver-1.9.6.jar
2024-06-20 16:57:07,850 [BasicRepositoryConnector-repo.maven.apache.org-5-2] INFO  o.e.m.c.i.e.AbstractTransferListenerAdapter - Downloaded https://repo.maven.apache.org/maven2/org/springframework/spring-beans/5.3.20/spring-beans-5.3.20.jar
2024-06-20 16:57:07,983 [BasicRepositoryConnector-repo.maven.apache.org-5-4] INFO  o.e.m.c.i.e.AbstractTransferListenerAdapter - Downloaded https://repo.maven.apache.org/maven2/org/aspectj/aspectjrt/1.9.6/aspectjrt-1.9.6.jar
2024-06-20 16:57:08,043 [BasicRepositoryConnector-repo.maven.apache.org-5-1] INFO  o.e.m.c.i.e.AbstractTransferListenerAdapter - Downloaded https://repo.maven.apache.org/maven2/org/springframework/spring-context/5.3.20/spring-context-5.3.20.jar
2024-06-20 16:57:08,154 [BasicRepositoryConnector-repo.maven.apache.org-5-0] INFO  o.e.m.c.i.e.AbstractTransferListenerAdapter - Downloaded https://repo.maven.apache.org/maven2/org/springframework/spring-jcl/5.3.20/spring-jcl-5.3.20.jar
2024-06-20 16:57:08,264 [BasicRepositoryConnector-repo.maven.apache.org-5-3] INFO  o.e.m.c.i.e.AbstractTransferListenerAdapter - Downloaded https://repo.maven.apache.org/maven2/org/aspectj/aspectjweaver/1.9.6/aspectjweaver-1.9.6.jar
2024-06-20 16:57:08,319 [Worker-6: Building] INFO  o.e.m.c.i.e.AbstractTransferListenerAdapter - Downloading https://repo.maven.apache.org/maven2/org/apache/maven/plugins/maven-jar-plugin/3.3.0/maven-jar-plugin-3.3.0.pom
2024-06-20 16:57:08,368 [Worker-6: Building] INFO  o.e.m.c.i.e.AbstractTransferListenerAdapter - Downloaded https://repo.maven.apache.org/maven2/org/apache/maven/plugins/maven-jar-plugin/3.3.0/maven-jar-plugin-3.3.0.pom
2024-06-20 16:57:08,409 [Worker-6: Building] INFO  o.e.m.c.i.e.AbstractTransferListenerAdapter - Downloading https://repo.maven.apache.org/maven2/org/apache/maven/plugins/maven-plugins/37/maven-plugins-37.pom
2024-06-20 16:57:08,456 [Worker-6: Building] INFO  o.e.m.c.i.e.AbstractTransferListenerAdapter - Downloaded https://repo.maven.apache.org/maven2/org/apache/maven/plugins/maven-plugins/37/maven-plugins-37.pom
2024-06-20 16:57:08,492 [Worker-6: Building] INFO  o.e.m.c.i.e.AbstractTransferListenerAdapter - Downloading https://repo.maven.apache.org/maven2/org/apache/maven/maven-parent/37/maven-parent-37.pom
2024-06-20 16:57:08,546 [Worker-6: Building] INFO  o.e.m.c.i.e.AbstractTransferListenerAdapter - Downloaded https://repo.maven.apache.org/maven2/org/apache/maven/maven-parent/37/maven-parent-37.pom
2024-06-20 16:57:08,582 [Worker-6: Building] INFO  o.e.m.c.i.e.AbstractTransferListenerAdapter - Downloading https://repo.maven.apache.org/maven2/org/apache/apache/27/apache-27.pom
2024-06-20 16:57:08,625 [Worker-6: Building] INFO  o.e.m.c.i.e.AbstractTransferListenerAdapter - Downloaded https://repo.maven.apache.org/maven2/org/apache/apache/27/apache-27.pom
2024-06-20 16:57:08,685 [Worker-6: Building] INFO  o.e.m.c.i.e.AbstractTransferListenerAdapter - Downloading https://repo.maven.apache.org/maven2/org/apache/maven/shared/file-management/3.1.0/file-management-3.1.0.pom
2024-06-20 16:57:08,723 [Worker-6: Building] INFO  o.e.m.c.i.e.AbstractTransferListenerAdapter - Downloaded https://repo.maven.apache.org/maven2/org/apache/maven/shared/file-management/3.1.0/file-management-3.1.0.pom
2024-06-20 16:57:08,768 [Worker-6: Building] INFO  o.e.m.c.i.e.AbstractTransferListenerAdapter - Downloading https://repo.maven.apache.org/maven2/org/codehaus/plexus/plexus-utils/3.3.0/plexus-utils-3.3.0.pom
2024-06-20 16:57:08,795 [Worker-6: Building] INFO  o.e.m.c.i.e.AbstractTransferListenerAdapter - Downloaded https://repo.maven.apache.org/maven2/org/codehaus/plexus/plexus-utils/3.3.0/plexus-utils-3.3.0.pom
2024-06-20 16:57:08,862 [Worker-6: Building] INFO  o.e.m.c.i.e.AbstractTransferListenerAdapter - Downloading https://repo.maven.apache.org/maven2/org/codehaus/plexus/plexus-utils/3.4.2/plexus-utils-3.4.2.pom
2024-06-20 16:57:08,899 [Worker-6: Building] INFO  o.e.m.c.i.e.AbstractTransferListenerAdapter - Downloaded https://repo.maven.apache.org/maven2/org/codehaus/plexus/plexus-utils/3.4.2/plexus-utils-3.4.2.pom
2024-06-20 16:57:08,931 [Worker-6: Building] INFO  o.e.m.c.i.e.AbstractTransferListenerAdapter - Downloading https://repo.maven.apache.org/maven2/org/codehaus/plexus/plexus/8/plexus-8.pom
2024-06-20 16:57:08,970 [Worker-6: Building] INFO  o.e.m.c.i.e.AbstractTransferListenerAdapter - Downloaded https://repo.maven.apache.org/maven2/org/codehaus/plexus/plexus/8/plexus-8.pom
2024-06-20 16:57:09,025 [Worker-6: Building] INFO  o.e.m.c.i.e.AbstractTransferListenerAdapter - Downloading https://repo.maven.apache.org/maven2/org/apache/maven/shared/file-management/3.1.0/file-management-3.1.0.jar
2024-06-20 16:57:09,430 [Worker-6: Building] INFO  o.e.m.c.i.e.AbstractTransferListenerAdapter - Downloaded https://repo.maven.apache.org/maven2/org/apache/maven/shared/file-management/3.1.0/file-management-3.1.0.jar
2024-06-20 16:57:09,456 [BasicRepositoryConnector-repo.maven.apache.org-6-2] INFO  o.e.m.c.i.e.AbstractTransferListenerAdapter - Downloading https://repo.maven.apache.org/maven2/org/codehaus/plexus/plexus-utils/3.4.2/plexus-utils-3.4.2.jar
2024-06-20 16:57:09,456 [BasicRepositoryConnector-repo.maven.apache.org-6-1] INFO  o.e.m.c.i.e.AbstractTransferListenerAdapter - Downloading https://repo.maven.apache.org/maven2/org/apache/commons/commons-compress/1.21/commons-compress-1.21.jar
2024-06-20 16:57:09,456 [BasicRepositoryConnector-repo.maven.apache.org-6-0] INFO  o.e.m.c.i.e.AbstractTransferListenerAdapter - Downloading https://repo.maven.apache.org/maven2/org/codehaus/plexus/plexus-archiver/4.4.0/plexus-archiver-4.4.0.jar
2024-06-20 16:57:09,530 [BasicRepositoryConnector-repo.maven.apache.org-6-2] INFO  o.e.m.c.i.e.AbstractTransferListenerAdapter - Downloaded https://repo.maven.apache.org/maven2/org/codehaus/plexus/plexus-utils/3.4.2/plexus-utils-3.4.2.jar
2024-06-20 16:57:09,550 [BasicRepositoryConnector-repo.maven.apache.org-6-0] INFO  o.e.m.c.i.e.AbstractTransferListenerAdapter - Downloaded https://repo.maven.apache.org/maven2/org/codehaus/plexus/plexus-archiver/4.4.0/plexus-archiver-4.4.0.jar
2024-06-20 16:57:09,923 [BasicRepositoryConnector-repo.maven.apache.org-6-1] INFO  o.e.m.c.i.e.AbstractTransferListenerAdapter - Downloaded https://repo.maven.apache.org/maven2/org/apache/commons/commons-compress/1.21/commons-compress-1.21.jar
2024-06-20 16:57:10,239 [Worker-6: Building] INFO  o.a.m.s.f.DefaultMavenResourcesFiltering - Copying 0 resource from src\main\resources to target\classes
2024-06-20 16:57:10,244 [Worker-6: Building] INFO  o.a.m.s.f.DefaultMavenResourcesFiltering - Copying 0 resource from src\test\resources to target\test-classes
2024-06-20 16:57:10,668 [Worker-14: Updating Maven Dependencies] INFO  o.e.m.c.i.l.LifecycleMappingFactory - Using org.eclipse.m2e.jdt.JarLifecycleMapping lifecycle mapping for MavenProject: com.spring.aop:Spring_AOP:0.0.1-SNAPSHOT @ C:\Users\HP\OneDrive\Desktop\java\Spring_AOP\pom.xml.
2024-06-20 16:57:11,269 [Worker-1: Download sources and javadoc] INFO  o.e.m.c.i.e.AbstractTransferListenerAdapter - Downloading https://repo.maven.apache.org/maven2/org/springframework/spring-core/5.3.20/spring-core-5.3.20-sources.jar
2024-06-20 16:57:11,575 [Worker-0: Building] INFO  o.a.m.s.f.DefaultMavenResourcesFiltering - Copying 0 resource from src\main\resources to target\classes
2024-06-20 16:57:11,582 [Worker-0: Building] INFO  o.a.m.s.f.DefaultMavenResourcesFiltering - Copying 0 resource from src\test\resources to target\test-classes
2024-06-20 16:57:12,424 [Worker-1: Download sources and javadoc] INFO  o.e.m.c.i.e.AbstractTransferListenerAdapter - Downloaded https://repo.maven.apache.org/maven2/org/springframework/spring-core/5.3.20/spring-core-5.3.20-sources.jar
2024-06-20 16:57:12,432 [Worker-1: Download sources and javadoc] INFO  o.e.m.j.internal.DownloadSourcesJob - Downloaded sources for org.springframework:spring-core:5.3.20
2024-06-20 16:57:12,502 [Worker-1: Download sources and javadoc] INFO  o.e.m.c.i.e.AbstractTransferListenerAdapter - Downloading https://repo.maven.apache.org/maven2/org/springframework/spring-jcl/5.3.20/spring-jcl-5.3.20-sources.jar
2024-06-20 16:57:13,124 [Worker-1: Download sources and javadoc] INFO  o.e.m.c.i.e.AbstractTransferListenerAdapter - Downloaded https://repo.maven.apache.org/maven2/org/springframework/spring-jcl/5.3.20/spring-jcl-5.3.20-sources.jar
2024-06-20 16:57:13,132 [Worker-1: Download sources and javadoc] INFO  o.e.m.j.internal.DownloadSourcesJob - Downloaded sources for org.springframework:spring-jcl:5.3.20
2024-06-20 16:57:13,210 [Worker-1: Download sources and javadoc] INFO  o.e.m.c.i.e.AbstractTransferListenerAdapter - Downloading https://repo.maven.apache.org/maven2/org/springframework/spring-context/5.3.20/spring-context-5.3.20-sources.jar
2024-06-20 16:57:13,457 [Worker-1: Download sources and javadoc] INFO  o.e.m.c.i.e.AbstractTransferListenerAdapter - Downloaded https://repo.maven.apache.org/maven2/org/springframework/spring-context/5.3.20/spring-context-5.3.20-sources.jar
2024-06-20 16:57:13,464 [Worker-1: Download sources and javadoc] INFO  o.e.m.j.internal.DownloadSourcesJob - Downloaded sources for org.springframework:spring-context:5.3.20
2024-06-20 16:57:13,549 [Worker-1: Download sources and javadoc] INFO  o.e.m.c.i.e.AbstractTransferListenerAdapter - Downloading https://repo.maven.apache.org/maven2/org/springframework/spring-beans/5.3.20/spring-beans-5.3.20-sources.jar
2024-06-20 16:57:13,669 [Worker-1: Download sources and javadoc] INFO  o.e.m.c.i.e.AbstractTransferListenerAdapter - Downloaded https://repo.maven.apache.org/maven2/org/springframework/spring-beans/5.3.20/spring-beans-5.3.20-sources.jar
2024-06-20 16:57:13,679 [Worker-1: Download sources and javadoc] INFO  o.e.m.j.internal.DownloadSourcesJob - Downloaded sources for org.springframework:spring-beans:5.3.20
2024-06-20 16:57:13,738 [Worker-1: Download sources and javadoc] INFO  o.e.m.c.i.e.AbstractTransferListenerAdapter - Downloading https://repo.maven.apache.org/maven2/org/springframework/spring-expression/5.3.20/spring-expression-5.3.20-sources.jar
2024-06-20 16:57:13,819 [Worker-1: Download sources and javadoc] INFO  o.e.m.c.i.e.AbstractTransferListenerAdapter - Downloaded https://repo.maven.apache.org/maven2/org/springframework/spring-expression/5.3.20/spring-expression-5.3.20-sources.jar
2024-06-20 16:57:13,824 [Worker-1: Download sources and javadoc] INFO  o.e.m.j.internal.DownloadSourcesJob - Downloaded sources for org.springframework:spring-expression:5.3.20
2024-06-20 16:57:13,886 [Worker-1: Download sources and javadoc] INFO  o.e.m.c.i.e.AbstractTransferListenerAdapter - Downloading https://repo.maven.apache.org/maven2/org/springframework/spring-aop/5.3.20/spring-aop-5.3.20-sources.jar
2024-06-20 16:57:13,980 [Worker-1: Download sources and javadoc] INFO  o.e.m.c.i.e.AbstractTransferListenerAdapter - Downloaded https://repo.maven.apache.org/maven2/org/springframework/spring-aop/5.3.20/spring-aop-5.3.20-sources.jar
2024-06-20 16:57:13,984 [Worker-1: Download sources and javadoc] INFO  o.e.m.j.internal.DownloadSourcesJob - Downloaded sources for org.springframework:spring-aop:5.3.20
2024-06-20 16:57:14,043 [Worker-1: Download sources and javadoc] INFO  o.e.m.c.i.e.AbstractTransferListenerAdapter - Downloading https://repo.maven.apache.org/maven2/org/aspectj/aspectjweaver/1.9.6/aspectjweaver-1.9.6-sources.jar
2024-06-20 16:57:14,206 [Worker-1: Download sources and javadoc] INFO  o.e.m.c.i.e.AbstractTransferListenerAdapter - Downloaded https://repo.maven.apache.org/maven2/org/aspectj/aspectjweaver/1.9.6/aspectjweaver-1.9.6-sources.jar
2024-06-20 16:57:14,214 [Worker-1: Download sources and javadoc] INFO  o.e.m.j.internal.DownloadSourcesJob - Downloaded sources for org.aspectj:aspectjweaver:1.9.6
2024-06-20 16:57:14,282 [Worker-1: Download sources and javadoc] INFO  o.e.m.c.i.e.AbstractTransferListenerAdapter - Downloading https://repo.maven.apache.org/maven2/org/aspectj/aspectjrt/1.9.6/aspectjrt-1.9.6-sources.jar
2024-06-20 16:57:14,341 [Worker-1: Download sources and javadoc] INFO  o.e.m.c.i.e.AbstractTransferListenerAdapter - Downloaded https://repo.maven.apache.org/maven2/org/aspectj/aspectjrt/1.9.6/aspectjrt-1.9.6-sources.jar
2024-06-20 16:57:14,347 [Worker-1: Download sources and javadoc] INFO  o.e.m.j.internal.DownloadSourcesJob - Downloaded sources for org.aspectj:aspectjrt:1.9.6
2024-06-20 16:59:20,527 [Worker-3: Building] INFO  o.e.m.c.i.l.LifecycleMappingFactory - Using org.eclipse.m2e.jdt.JarLifecycleMapping lifecycle mapping for MavenProject: com.spring.jdbcdemo:Sprong_JdbcDemo:0.0.1-SNAPSHOT @ C:\Users\HP\OneDrive\Desktop\java\Spring_JdbcDemo\pom.xml.
2024-06-20 16:59:21,082 [Worker-3: Building] INFO  o.e.m.c.i.e.AbstractTransferListenerAdapter - Downloading https://repo.maven.apache.org/maven2/org/springframework/spring-jdbc/5.3.20/spring-jdbc-5.3.20.pom
2024-06-20 16:59:21,118 [Worker-3: Building] INFO  o.e.m.c.i.e.AbstractTransferListenerAdapter - Downloaded https://repo.maven.apache.org/maven2/org/springframework/spring-jdbc/5.3.20/spring-jdbc-5.3.20.pom
2024-06-20 16:59:21,162 [Worker-3: Building] INFO  o.e.m.c.i.e.AbstractTransferListenerAdapter - Downloading https://repo.maven.apache.org/maven2/org/springframework/spring-tx/5.3.20/spring-tx-5.3.20.pom
2024-06-20 16:59:21,190 [Worker-3: Building] INFO  o.e.m.c.i.e.AbstractTransferListenerAdapter - Downloaded https://repo.maven.apache.org/maven2/org/springframework/spring-tx/5.3.20/spring-tx-5.3.20.pom
2024-06-20 16:59:21,222 [Worker-3: Building] INFO  o.e.m.c.i.e.AbstractTransferListenerAdapter - Downloading https://repo.maven.apache.org/maven2/mysql/mysql-connector-java/8.0.30/mysql-connector-java-8.0.30.pom
2024-06-20 16:59:21,248 [Worker-3: Building] INFO  o.e.m.c.i.e.AbstractTransferListenerAdapter - Downloaded https://repo.maven.apache.org/maven2/mysql/mysql-connector-java/8.0.30/mysql-connector-java-8.0.30.pom
2024-06-20 16:59:21,274 [Worker-3: Building] INFO  o.e.m.c.i.e.AbstractTransferListenerAdapter - Downloading https://repo.maven.apache.org/maven2/com/google/protobuf/protobuf-java/3.19.4/protobuf-java-3.19.4.pom
2024-06-20 16:59:21,341 [Worker-3: Building] INFO  o.e.m.c.i.e.AbstractTransferListenerAdapter - Downloaded https://repo.maven.apache.org/maven2/com/google/protobuf/protobuf-java/3.19.4/protobuf-java-3.19.4.pom
2024-06-20 16:59:21,381 [Worker-3: Building] INFO  o.e.m.c.i.e.AbstractTransferListenerAdapter - Downloading https://repo.maven.apache.org/maven2/com/google/protobuf/protobuf-parent/3.19.4/protobuf-parent-3.19.4.pom
2024-06-20 16:59:21,441 [Worker-3: Building] INFO  o.e.m.c.i.e.AbstractTransferListenerAdapter - Downloaded https://repo.maven.apache.org/maven2/com/google/protobuf/protobuf-parent/3.19.4/protobuf-parent-3.19.4.pom
2024-06-20 16:59:21,518 [Worker-3: Building] INFO  o.e.m.c.i.e.AbstractTransferListenerAdapter - Downloading https://repo.maven.apache.org/maven2/com/google/protobuf/protobuf-bom/3.19.4/protobuf-bom-3.19.4.pom
2024-06-20 16:59:21,557 [Worker-3: Building] INFO  o.e.m.c.i.e.AbstractTransferListenerAdapter - Downloaded https://repo.maven.apache.org/maven2/com/google/protobuf/protobuf-bom/3.19.4/protobuf-bom-3.19.4.pom
2024-06-20 16:59:21,631 [Worker-3: Building] INFO  o.e.m.c.i.e.AbstractTransferListenerAdapter - Downloading https://repo.maven.apache.org/maven2/org/springframework/spring-jdbc/5.3.20/spring-jdbc-5.3.20.jar
2024-06-20 16:59:21,998 [Worker-3: Building] INFO  o.e.m.c.i.e.AbstractTransferListenerAdapter - Downloaded https://repo.maven.apache.org/maven2/org/springframework/spring-jdbc/5.3.20/spring-jdbc-5.3.20.jar
2024-06-20 16:59:22,022 [BasicRepositoryConnector-repo.maven.apache.org-7-0] INFO  o.e.m.c.i.e.AbstractTransferListenerAdapter - Downloading https://repo.maven.apache.org/maven2/org/springframework/spring-tx/5.3.20/spring-tx-5.3.20.jar
2024-06-20 16:59:22,115 [BasicRepositoryConnector-repo.maven.apache.org-7-1] INFO  o.e.m.c.i.e.AbstractTransferListenerAdapter - Downloading https://repo.maven.apache.org/maven2/mysql/mysql-connector-java/8.0.30/mysql-connector-java-8.0.30.jar
2024-06-20 16:59:22,115 [BasicRepositoryConnector-repo.maven.apache.org-7-2] INFO  o.e.m.c.i.e.AbstractTransferListenerAdapter - Downloading https://repo.maven.apache.org/maven2/com/google/protobuf/protobuf-java/3.19.4/protobuf-java-3.19.4.jar
2024-06-20 16:59:22,159 [BasicRepositoryConnector-repo.maven.apache.org-7-0] INFO  o.e.m.c.i.e.AbstractTransferListenerAdapter - Downloaded https://repo.maven.apache.org/maven2/org/springframework/spring-tx/5.3.20/spring-tx-5.3.20.jar
2024-06-20 16:59:22,736 [BasicRepositoryConnector-repo.maven.apache.org-7-2] INFO  o.e.m.c.i.e.AbstractTransferListenerAdapter - Downloaded https://repo.maven.apache.org/maven2/com/google/protobuf/protobuf-java/3.19.4/protobuf-java-3.19.4.jar
2024-06-20 16:59:22,793 [BasicRepositoryConnector-repo.maven.apache.org-7-1] INFO  o.e.m.c.i.e.AbstractTransferListenerAdapter - Downloaded https://repo.maven.apache.org/maven2/mysql/mysql-connector-java/8.0.30/mysql-connector-java-8.0.30.jar
2024-06-20 16:59:22,994 [Worker-3: Building] INFO  o.a.m.s.f.DefaultMavenResourcesFiltering - skip non existing resourceDirectory C:\Users\HP\OneDrive\Desktop\java\Spring_JdbcDemo\src\main\resources
2024-06-20 16:59:22,997 [Worker-3: Building] INFO  o.a.m.s.f.DefaultMavenResourcesFiltering - skip non existing resourceDirectory C:\Users\HP\OneDrive\Desktop\java\Spring_JdbcDemo\src\test\resources
2024-06-20 16:59:24,034 [Worker-12: Download sources and javadoc] INFO  o.e.m.c.i.e.AbstractTransferListenerAdapter - Downloading https://repo.maven.apache.org/maven2/org/springframework/spring-jdbc/5.3.20/spring-jdbc-5.3.20-sources.jar
2024-06-20 16:59:24,057 [Worker-10: Updating Maven Dependencies] INFO  o.e.m.c.i.l.LifecycleMappingFactory - Using org.eclipse.m2e.jdt.JarLifecycleMapping lifecycle mapping for MavenProject: com.spring.jdbcdemo:Sprong_JdbcDemo:0.0.1-SNAPSHOT @ C:\Users\HP\OneDrive\Desktop\java\Spring_JdbcDemo\pom.xml.
2024-06-20 16:59:24,294 [Worker-5: Building] INFO  o.a.m.s.f.DefaultMavenResourcesFiltering - skip non existing resourceDirectory C:\Users\HP\OneDrive\Desktop\java\Spring_JdbcDemo\src\main\resources
2024-06-20 16:59:24,298 [Worker-5: Building] INFO  o.a.m.s.f.DefaultMavenResourcesFiltering - skip non existing resourceDirectory C:\Users\HP\OneDrive\Desktop\java\Spring_JdbcDemo\src\test\resources
2024-06-20 16:59:24,359 [Worker-12: Download sources and javadoc] INFO  o.e.m.c.i.e.AbstractTransferListenerAdapter - Downloaded https://repo.maven.apache.org/maven2/org/springframework/spring-jdbc/5.3.20/spring-jdbc-5.3.20-sources.jar
2024-06-20 16:59:24,364 [Worker-12: Download sources and javadoc] INFO  o.e.m.j.internal.DownloadSourcesJob - Downloaded sources for org.springframework:spring-jdbc:5.3.20
2024-06-20 16:59:24,528 [Worker-12: Download sources and javadoc] INFO  o.e.m.c.i.e.AbstractTransferListenerAdapter - Downloading https://repo.maven.apache.org/maven2/org/springframework/spring-tx/5.3.20/spring-tx-5.3.20-sources.jar
2024-06-20 16:59:24,852 [Worker-12: Download sources and javadoc] INFO  o.e.m.c.i.e.AbstractTransferListenerAdapter - Downloaded https://repo.maven.apache.org/maven2/org/springframework/spring-tx/5.3.20/spring-tx-5.3.20-sources.jar
2024-06-20 16:59:24,859 [Worker-12: Download sources and javadoc] INFO  o.e.m.j.internal.DownloadSourcesJob - Downloaded sources for org.springframework:spring-tx:5.3.20
2024-06-20 16:59:24,955 [Worker-12: Download sources and javadoc] INFO  o.e.m.c.i.e.AbstractTransferListenerAdapter - Downloading https://repo.maven.apache.org/maven2/mysql/mysql-connector-java/8.0.30/mysql-connector-java-8.0.30-sources.jar
2024-06-20 16:59:25,926 [Worker-12: Download sources and javadoc] INFO  o.e.m.c.i.e.AbstractTransferListenerAdapter - Downloaded https://repo.maven.apache.org/maven2/mysql/mysql-connector-java/8.0.30/mysql-connector-java-8.0.30-sources.jar
2024-06-20 16:59:25,933 [Worker-12: Download sources and javadoc] INFO  o.e.m.j.internal.DownloadSourcesJob - Downloaded sources for mysql:mysql-connector-java:8.0.30
2024-06-20 16:59:26,008 [Worker-12: Download sources and javadoc] INFO  o.e.m.c.i.e.AbstractTransferListenerAdapter - Downloading https://repo.maven.apache.org/maven2/com/google/protobuf/protobuf-java/3.19.4/protobuf-java-3.19.4-sources.jar
2024-06-20 16:59:26,250 [Worker-12: Download sources and javadoc] INFO  o.e.m.c.i.e.AbstractTransferListenerAdapter - Downloaded https://repo.maven.apache.org/maven2/com/google/protobuf/protobuf-java/3.19.4/protobuf-java-3.19.4-sources.jar
2024-06-20 16:59:26,256 [Worker-12: Download sources and javadoc] INFO  o.e.m.j.internal.DownloadSourcesJob - Downloaded sources for com.google.protobuf:protobuf-java:3.19.4
2024-06-20 17:00:21,497 [Worker-3: Building] INFO  o.e.m.c.i.e.AbstractTransferListenerAdapter - Downloading https://repo.maven.apache.org/maven2/org/springframework/boot/spring-boot-starter-parent/2.6.6/spring-boot-starter-parent-2.6.6.pom
2024-06-20 17:00:21,549 [Worker-3: Building] INFO  o.e.m.c.i.e.AbstractTransferListenerAdapter - Downloaded https://repo.maven.apache.org/maven2/org/springframework/boot/spring-boot-starter-parent/2.6.6/spring-boot-starter-parent-2.6.6.pom
2024-06-20 17:00:21,603 [Worker-3: Building] INFO  o.e.m.c.i.e.AbstractTransferListenerAdapter - Downloading https://repo.maven.apache.org/maven2/org/springframework/boot/spring-boot-dependencies/2.6.6/spring-boot-dependencies-2.6.6.pom
2024-06-20 17:00:21,732 [Worker-3: Building] INFO  o.e.m.c.i.e.AbstractTransferListenerAdapter - Downloaded https://repo.maven.apache.org/maven2/org/springframework/boot/spring-boot-dependencies/2.6.6/spring-boot-dependencies-2.6.6.pom
2024-06-20 17:00:21,816 [Worker-3: Building] INFO  o.e.m.c.i.e.AbstractTransferListenerAdapter - Downloading https://repo.maven.apache.org/maven2/org/springframework/cloud/spring-cloud-dependencies/2021.0.1/spring-cloud-dependencies-2021.0.1.pom
2024-06-20 17:00:21,932 [Worker-3: Building] INFO  o.e.m.c.i.e.AbstractTransferListenerAdapter - Downloaded https://repo.maven.apache.org/maven2/org/springframework/cloud/spring-cloud-dependencies/2021.0.1/spring-cloud-dependencies-2021.0.1.pom
2024-06-20 17:00:21,991 [Worker-3: Building] INFO  o.e.m.c.i.e.AbstractTransferListenerAdapter - Downloading https://repo.maven.apache.org/maven2/org/springframework/cloud/spring-cloud-dependencies-parent/3.1.1/spring-cloud-dependencies-parent-3.1.1.pom
2024-06-20 17:00:22,022 [Worker-3: Building] INFO  o.e.m.c.i.e.AbstractTransferListenerAdapter - Downloaded https://repo.maven.apache.org/maven2/org/springframework/cloud/spring-cloud-dependencies-parent/3.1.1/spring-cloud-dependencies-parent-3.1.1.pom
2024-06-20 17:00:22,065 [Worker-3: Building] INFO  o.e.m.c.i.e.AbstractTransferListenerAdapter - Downloading https://repo.maven.apache.org/maven2/org/springframework/cloud/spring-cloud-commons-dependencies/3.1.1/spring-cloud-commons-dependencies-3.1.1.pom
2024-06-20 17:00:22,102 [Worker-3: Building] INFO  o.e.m.c.i.e.AbstractTransferListenerAdapter - Downloaded https://repo.maven.apache.org/maven2/org/springframework/cloud/spring-cloud-commons-dependencies/3.1.1/spring-cloud-commons-dependencies-3.1.1.pom
2024-06-20 17:00:22,131 [Worker-3: Building] INFO  o.e.m.c.i.e.AbstractTransferListenerAdapter - Downloading https://repo.maven.apache.org/maven2/org/springframework/cloud/spring-cloud-netflix-dependencies/3.1.1/spring-cloud-netflix-dependencies-3.1.1.pom
2024-06-20 17:00:22,172 [Worker-3: Building] INFO  o.e.m.c.i.e.AbstractTransferListenerAdapter - Downloaded https://repo.maven.apache.org/maven2/org/springframework/cloud/spring-cloud-netflix-dependencies/3.1.1/spring-cloud-netflix-dependencies-3.1.1.pom
2024-06-20 17:00:22,218 [Worker-3: Building] INFO  o.e.m.c.i.e.AbstractTransferListenerAdapter - Downloading https://repo.maven.apache.org/maven2/org/springframework/cloud/spring-cloud-stream-dependencies/3.2.2/spring-cloud-stream-dependencies-3.2.2.pom
2024-06-20 17:00:22,255 [Worker-3: Building] INFO  o.e.m.c.i.e.AbstractTransferListenerAdapter - Downloaded https://repo.maven.apache.org/maven2/org/springframework/cloud/spring-cloud-stream-dependencies/3.2.2/spring-cloud-stream-dependencies-3.2.2.pom
2024-06-20 17:00:22,309 [Worker-3: Building] INFO  o.e.m.c.i.e.AbstractTransferListenerAdapter - Downloading https://repo.maven.apache.org/maven2/org/springframework/cloud/spring-cloud-task-dependencies/2.4.1/spring-cloud-task-dependencies-2.4.1.pom
2024-06-20 17:00:22,341 [Worker-3: Building] INFO  o.e.m.c.i.e.AbstractTransferListenerAdapter - Downloaded https://repo.maven.apache.org/maven2/org/springframework/cloud/spring-cloud-task-dependencies/2.4.1/spring-cloud-task-dependencies-2.4.1.pom
2024-06-20 17:00:22,437 [Worker-3: Building] INFO  o.e.m.c.i.e.AbstractTransferListenerAdapter - Downloading https://repo.maven.apache.org/maven2/org/springframework/cloud/spring-cloud-circuitbreaker-dependencies/2.1.1/spring-cloud-circuitbreaker-dependencies-2.1.1.pom
2024-06-20 17:00:22,486 [Worker-3: Building] INFO  o.e.m.c.i.e.AbstractTransferListenerAdapter - Downloaded https://repo.maven.apache.org/maven2/org/springframework/cloud/spring-cloud-circuitbreaker-dependencies/2.1.1/spring-cloud-circuitbreaker-dependencies-2.1.1.pom
2024-06-20 17:00:22,577 [Worker-3: Building] INFO  o.e.m.c.i.e.AbstractTransferListenerAdapter - Downloading https://repo.maven.apache.org/maven2/io/github/resilience4j/resilience4j-bom/1.7.0/resilience4j-bom-1.7.0.pom
2024-06-20 17:00:22,648 [Worker-3: Building] INFO  o.e.m.c.i.e.AbstractTransferListenerAdapter - Downloaded https://repo.maven.apache.org/maven2/io/github/resilience4j/resilience4j-bom/1.7.0/resilience4j-bom-1.7.0.pom
2024-06-20 17:00:22,795 [Worker-3: Building] INFO  o.e.m.c.i.e.AbstractTransferListenerAdapter - Downloading https://repo.maven.apache.org/maven2/org/springframework/cloud/spring-cloud-config-dependencies/3.1.1/spring-cloud-config-dependencies-3.1.1.pom
2024-06-20 17:00:22,939 [Worker-3: Building] INFO  o.e.m.c.i.e.AbstractTransferListenerAdapter - Downloaded https://repo.maven.apache.org/maven2/org/springframework/cloud/spring-cloud-config-dependencies/3.1.1/spring-cloud-config-dependencies-3.1.1.pom
2024-06-20 17:00:22,981 [Worker-3: Building] INFO  o.e.m.c.i.e.AbstractTransferListenerAdapter - Downloading https://repo.maven.apache.org/maven2/org/springframework/cloud/spring-cloud-function-dependencies/3.2.2/spring-cloud-function-dependencies-3.2.2.pom
2024-06-20 17:00:23,030 [Worker-3: Building] INFO  o.e.m.c.i.e.AbstractTransferListenerAdapter - Downloaded https://repo.maven.apache.org/maven2/org/springframework/cloud/spring-cloud-function-dependencies/3.2.2/spring-cloud-function-dependencies-3.2.2.pom
2024-06-20 17:00:23,124 [Worker-3: Building] INFO  o.e.m.c.i.e.AbstractTransferListenerAdapter - Downloading https://repo.maven.apache.org/maven2/org/springframework/cloud/spring-cloud-gateway-dependencies/3.1.1/spring-cloud-gateway-dependencies-3.1.1.pom
2024-06-20 17:00:23,161 [Worker-3: Building] INFO  o.e.m.c.i.e.AbstractTransferListenerAdapter - Downloaded https://repo.maven.apache.org/maven2/org/springframework/cloud/spring-cloud-gateway-dependencies/3.1.1/spring-cloud-gateway-dependencies-3.1.1.pom
2024-06-20 17:00:23,223 [Worker-3: Building] INFO  o.e.m.c.i.e.AbstractTransferListenerAdapter - Downloading https://repo.maven.apache.org/maven2/org/springframework/cloud/spring-cloud-consul-dependencies/3.1.0/spring-cloud-consul-dependencies-3.1.0.pom
2024-06-20 17:00:23,260 [Worker-3: Building] INFO  o.e.m.c.i.e.AbstractTransferListenerAdapter - Downloaded https://repo.maven.apache.org/maven2/org/springframework/cloud/spring-cloud-consul-dependencies/3.1.0/spring-cloud-consul-dependencies-3.1.0.pom
2024-06-20 17:00:23,335 [Worker-3: Building] INFO  o.e.m.c.i.e.AbstractTransferListenerAdapter - Downloading https://repo.maven.apache.org/maven2/org/springframework/cloud/spring-cloud-dependencies-parent/3.1.0/spring-cloud-dependencies-parent-3.1.0.pom
2024-06-20 17:00:23,374 [Worker-3: Building] INFO  o.e.m.c.i.e.AbstractTransferListenerAdapter - Downloaded https://repo.maven.apache.org/maven2/org/springframework/cloud/spring-cloud-dependencies-parent/3.1.0/spring-cloud-dependencies-parent-3.1.0.pom
2024-06-20 17:00:23,453 [Worker-3: Building] INFO  o.e.m.c.i.e.AbstractTransferListenerAdapter - Downloading https://repo.maven.apache.org/maven2/org/springframework/cloud/spring-cloud-sleuth-dependencies/3.1.1/spring-cloud-sleuth-dependencies-3.1.1.pom
2024-06-20 17:00:23,482 [Worker-3: Building] INFO  o.e.m.c.i.e.AbstractTransferListenerAdapter - Downloaded https://repo.maven.apache.org/maven2/org/springframework/cloud/spring-cloud-sleuth-dependencies/3.1.1/spring-cloud-sleuth-dependencies-3.1.1.pom
2024-06-20 17:00:23,513 [Worker-3: Building] INFO  o.e.m.c.i.e.AbstractTransferListenerAdapter - Downloading https://repo.maven.apache.org/maven2/io/zipkin/brave/brave-bom/5.13.7/brave-bom-5.13.7.pom
2024-06-20 17:00:23,552 [Worker-3: Building] INFO  o.e.m.c.i.e.AbstractTransferListenerAdapter - Downloaded https://repo.maven.apache.org/maven2/io/zipkin/brave/brave-bom/5.13.7/brave-bom-5.13.7.pom
2024-06-20 17:00:23,609 [Worker-3: Building] INFO  o.e.m.c.i.e.AbstractTransferListenerAdapter - Downloading https://repo.maven.apache.org/maven2/io/zipkin/reporter2/zipkin-reporter-bom/2.16.3/zipkin-reporter-bom-2.16.3.pom
2024-06-20 17:00:23,644 [Worker-3: Building] INFO  o.e.m.c.i.e.AbstractTransferListenerAdapter - Downloaded https://repo.maven.apache.org/maven2/io/zipkin/reporter2/zipkin-reporter-bom/2.16.3/zipkin-reporter-bom-2.16.3.pom
2024-06-20 17:00:23,699 [Worker-3: Building] INFO  o.e.m.c.i.e.AbstractTransferListenerAdapter - Downloading https://repo.maven.apache.org/maven2/org/springframework/cloud/spring-cloud-vault-dependencies/3.1.0/spring-cloud-vault-dependencies-3.1.0.pom
2024-06-20 17:00:23,742 [Worker-3: Building] INFO  o.e.m.c.i.e.AbstractTransferListenerAdapter - Downloaded https://repo.maven.apache.org/maven2/org/springframework/cloud/spring-cloud-vault-dependencies/3.1.0/spring-cloud-vault-dependencies-3.1.0.pom
2024-06-20 17:00:23,822 [Worker-3: Building] INFO  o.e.m.c.i.e.AbstractTransferListenerAdapter - Downloading https://repo.maven.apache.org/maven2/org/springframework/cloud/spring-cloud-zookeeper-dependencies/3.1.1/spring-cloud-zookeeper-dependencies-3.1.1.pom
2024-06-20 17:00:23,859 [Worker-3: Building] INFO  o.e.m.c.i.e.AbstractTransferListenerAdapter - Downloaded https://repo.maven.apache.org/maven2/org/springframework/cloud/spring-cloud-zookeeper-dependencies/3.1.1/spring-cloud-zookeeper-dependencies-3.1.1.pom
2024-06-20 17:00:23,916 [Worker-3: Building] INFO  o.e.m.c.i.e.AbstractTransferListenerAdapter - Downloading https://repo.maven.apache.org/maven2/org/springframework/cloud/spring-cloud-cloudfoundry-dependencies/3.1.0/spring-cloud-cloudfoundry-dependencies-3.1.0.pom
2024-06-20 17:00:23,951 [Worker-3: Building] INFO  o.e.m.c.i.e.AbstractTransferListenerAdapter - Downloaded https://repo.maven.apache.org/maven2/org/springframework/cloud/spring-cloud-cloudfoundry-dependencies/3.1.0/spring-cloud-cloudfoundry-dependencies-3.1.0.pom
2024-06-20 17:00:24,008 [Worker-3: Building] INFO  o.e.m.c.i.e.AbstractTransferListenerAdapter - Downloading https://repo.maven.apache.org/maven2/org/springframework/cloud/spring-cloud-bus-dependencies/3.1.0/spring-cloud-bus-dependencies-3.1.0.pom
2024-06-20 17:00:24,046 [Worker-3: Building] INFO  o.e.m.c.i.e.AbstractTransferListenerAdapter - Downloaded https://repo.maven.apache.org/maven2/org/springframework/cloud/spring-cloud-bus-dependencies/3.1.0/spring-cloud-bus-dependencies-3.1.0.pom
2024-06-20 17:00:24,109 [Worker-3: Building] INFO  o.e.m.c.i.e.AbstractTransferListenerAdapter - Downloading https://repo.maven.apache.org/maven2/org/springframework/cloud/spring-cloud-contract-dependencies/3.1.1/spring-cloud-contract-dependencies-3.1.1.pom
2024-06-20 17:00:24,144 [Worker-3: Building] INFO  o.e.m.c.i.e.AbstractTransferListenerAdapter - Downloaded https://repo.maven.apache.org/maven2/org/springframework/cloud/spring-cloud-contract-dependencies/3.1.1/spring-cloud-contract-dependencies-3.1.1.pom
2024-06-20 17:00:24,342 [Worker-3: Building] INFO  o.e.m.c.i.e.AbstractTransferListenerAdapter - Downloading https://repo.maven.apache.org/maven2/org/springframework/cloud/spring-cloud-openfeign-dependencies/3.1.1/spring-cloud-openfeign-dependencies-3.1.1.pom
2024-06-20 17:00:24,376 [Worker-3: Building] INFO  o.e.m.c.i.e.AbstractTransferListenerAdapter - Downloaded https://repo.maven.apache.org/maven2/org/springframework/cloud/spring-cloud-openfeign-dependencies/3.1.1/spring-cloud-openfeign-dependencies-3.1.1.pom
2024-06-20 17:00:24,476 [Worker-3: Building] INFO  o.e.m.c.i.e.AbstractTransferListenerAdapter - Downloading https://repo.maven.apache.org/maven2/io/github/openfeign/feign-bom/11.8/feign-bom-11.8.pom
2024-06-20 17:00:24,511 [Worker-3: Building] INFO  o.e.m.c.i.e.AbstractTransferListenerAdapter - Downloaded https://repo.maven.apache.org/maven2/io/github/openfeign/feign-bom/11.8/feign-bom-11.8.pom
2024-06-20 17:00:24,582 [Worker-3: Building] INFO  o.e.m.c.i.e.AbstractTransferListenerAdapter - Downloading https://repo.maven.apache.org/maven2/org/springframework/cloud/spring-cloud-kubernetes-dependencies/2.1.1/spring-cloud-kubernetes-dependencies-2.1.1.pom
2024-06-20 17:00:24,640 [Worker-3: Building] INFO  o.e.m.c.i.e.AbstractTransferListenerAdapter - Downloaded https://repo.maven.apache.org/maven2/org/springframework/cloud/spring-cloud-kubernetes-dependencies/2.1.1/spring-cloud-kubernetes-dependencies-2.1.1.pom
2024-06-20 17:00:24,708 [Worker-3: Building] INFO  o.e.m.c.i.e.AbstractTransferListenerAdapter - Downloading https://repo.maven.apache.org/maven2/io/fabric8/kubernetes-client-bom/5.9.0/kubernetes-client-bom-5.9.0.pom
2024-06-20 17:00:24,749 [Worker-3: Building] INFO  o.e.m.c.i.e.AbstractTransferListenerAdapter - Downloaded https://repo.maven.apache.org/maven2/io/fabric8/kubernetes-client-bom/5.9.0/kubernetes-client-bom-5.9.0.pom
2024-06-20 17:00:24,909 [Worker-3: Building] INFO  o.e.m.c.i.e.AbstractTransferListenerAdapter - Downloading https://repo.maven.apache.org/maven2/com/datastax/oss/java-driver-bom/4.13.0/java-driver-bom-4.13.0.pom
2024-06-20 17:00:24,954 [Worker-3: Building] INFO  o.e.m.c.i.e.AbstractTransferListenerAdapter - Downloaded https://repo.maven.apache.org/maven2/com/datastax/oss/java-driver-bom/4.13.0/java-driver-bom-4.13.0.pom
2024-06-20 17:00:25,055 [Worker-3: Building] INFO  o.e.m.c.i.e.AbstractTransferListenerAdapter - Downloading https://repo.maven.apache.org/maven2/io/dropwizard/metrics/metrics-bom/4.2.9/metrics-bom-4.2.9.pom
2024-06-20 17:00:25,087 [Worker-3: Building] INFO  o.e.m.c.i.e.AbstractTransferListenerAdapter - Downloaded https://repo.maven.apache.org/maven2/io/dropwizard/metrics/metrics-bom/4.2.9/metrics-bom-4.2.9.pom
2024-06-20 17:00:25,119 [Worker-3: Building] INFO  o.e.m.c.i.e.AbstractTransferListenerAdapter - Downloading https://repo.maven.apache.org/maven2/io/dropwizard/metrics/metrics-parent/4.2.9/metrics-parent-4.2.9.pom
2024-06-20 17:00:25,154 [Worker-3: Building] INFO  o.e.m.c.i.e.AbstractTransferListenerAdapter - Downloaded https://repo.maven.apache.org/maven2/io/dropwizard/metrics/metrics-parent/4.2.9/metrics-parent-4.2.9.pom
2024-06-20 17:00:25,263 [Worker-3: Building] INFO  o.e.m.c.i.e.AbstractTransferListenerAdapter - Downloading https://repo.maven.apache.org/maven2/org/codehaus/groovy/groovy-bom/3.0.10/groovy-bom-3.0.10.pom
2024-06-20 17:00:25,298 [Worker-3: Building] INFO  o.e.m.c.i.e.AbstractTransferListenerAdapter - Downloaded https://repo.maven.apache.org/maven2/org/codehaus/groovy/groovy-bom/3.0.10/groovy-bom-3.0.10.pom
2024-06-20 17:00:25,350 [Worker-3: Building] INFO  o.e.m.c.i.e.AbstractTransferListenerAdapter - Downloading https://repo.maven.apache.org/maven2/org/infinispan/infinispan-bom/12.1.11.Final/infinispan-bom-12.1.11.Final.pom
2024-06-20 17:00:25,386 [Worker-3: Building] INFO  o.e.m.c.i.e.AbstractTransferListenerAdapter - Downloaded https://repo.maven.apache.org/maven2/org/infinispan/infinispan-bom/12.1.11.Final/infinispan-bom-12.1.11.Final.pom
2024-06-20 17:00:25,431 [Worker-3: Building] INFO  o.e.m.c.i.e.AbstractTransferListenerAdapter - Downloading https://repo.maven.apache.org/maven2/org/infinispan/infinispan-build-configuration-parent/12.1.11.Final/infinispan-build-configuration-parent-12.1.11.Final.pom
2024-06-20 17:00:25,472 [Worker-3: Building] INFO  o.e.m.c.i.e.AbstractTransferListenerAdapter - Downloaded https://repo.maven.apache.org/maven2/org/infinispan/infinispan-build-configuration-parent/12.1.11.Final/infinispan-build-configuration-parent-12.1.11.Final.pom
2024-06-20 17:00:25,573 [Worker-3: Building] INFO  o.e.m.c.i.e.AbstractTransferListenerAdapter - Downloading https://repo.maven.apache.org/maven2/org/jboss/jboss-parent/36/jboss-parent-36.pom
2024-06-20 17:00:25,629 [Worker-3: Building] INFO  o.e.m.c.i.e.AbstractTransferListenerAdapter - Downloaded https://repo.maven.apache.org/maven2/org/jboss/jboss-parent/36/jboss-parent-36.pom
2024-06-20 17:00:25,780 [Worker-3: Building] INFO  o.e.m.c.i.e.AbstractTransferListenerAdapter - Downloading https://repo.maven.apache.org/maven2/com/fasterxml/jackson/jackson-bom/2.13.2.20220328/jackson-bom-2.13.2.20220328.pom
2024-06-20 17:00:25,819 [Worker-3: Building] INFO  o.e.m.c.i.e.AbstractTransferListenerAdapter - Downloaded https://repo.maven.apache.org/maven2/com/fasterxml/jackson/jackson-bom/2.13.2.20220328/jackson-bom-2.13.2.20220328.pom
2024-06-20 17:00:25,890 [Worker-3: Building] INFO  o.e.m.c.i.e.AbstractTransferListenerAdapter - Downloading https://repo.maven.apache.org/maven2/com/fasterxml/jackson/jackson-parent/2.13/jackson-parent-2.13.pom
2024-06-20 17:00:25,923 [Worker-3: Building] INFO  o.e.m.c.i.e.AbstractTransferListenerAdapter - Downloaded https://repo.maven.apache.org/maven2/com/fasterxml/jackson/jackson-parent/2.13/jackson-parent-2.13.pom
2024-06-20 17:00:25,959 [Worker-3: Building] INFO  o.e.m.c.i.e.AbstractTransferListenerAdapter - Downloading https://repo.maven.apache.org/maven2/com/fasterxml/oss-parent/43/oss-parent-43.pom
2024-06-20 17:00:25,992 [Worker-3: Building] INFO  o.e.m.c.i.e.AbstractTransferListenerAdapter - Downloaded https://repo.maven.apache.org/maven2/com/fasterxml/oss-parent/43/oss-parent-43.pom
2024-06-20 17:00:26,058 [Worker-3: Building] INFO  o.e.m.c.i.e.AbstractTransferListenerAdapter - Downloading https://repo.maven.apache.org/maven2/org/glassfish/jersey/jersey-bom/2.35/jersey-bom-2.35.pom
2024-06-20 17:00:26,092 [Worker-3: Building] INFO  o.e.m.c.i.e.AbstractTransferListenerAdapter - Downloaded https://repo.maven.apache.org/maven2/org/glassfish/jersey/jersey-bom/2.35/jersey-bom-2.35.pom
2024-06-20 17:00:26,134 [Worker-3: Building] INFO  o.e.m.c.i.e.AbstractTransferListenerAdapter - Downloading https://repo.maven.apache.org/maven2/org/eclipse/ee4j/project/1.0.6/project-1.0.6.pom
2024-06-20 17:00:26,173 [Worker-3: Building] INFO  o.e.m.c.i.e.AbstractTransferListenerAdapter - Downloaded https://repo.maven.apache.org/maven2/org/eclipse/ee4j/project/1.0.6/project-1.0.6.pom
2024-06-20 17:00:26,225 [Worker-3: Building] INFO  o.e.m.c.i.e.AbstractTransferListenerAdapter - Downloading https://repo.maven.apache.org/maven2/org/eclipse/jetty/jetty-bom/9.4.45.v20220203/jetty-bom-9.4.45.v20220203.pom
2024-06-20 17:00:26,263 [Worker-3: Building] INFO  o.e.m.c.i.e.AbstractTransferListenerAdapter - Downloaded https://repo.maven.apache.org/maven2/org/eclipse/jetty/jetty-bom/9.4.45.v20220203/jetty-bom-9.4.45.v20220203.pom
2024-06-20 17:00:26,310 [Worker-3: Building] INFO  o.e.m.c.i.e.AbstractTransferListenerAdapter - Downloading https://repo.maven.apache.org/maven2/org/junit/junit-bom/5.8.2/junit-bom-5.8.2.pom
2024-06-20 17:00:26,342 [Worker-3: Building] INFO  o.e.m.c.i.e.AbstractTransferListenerAdapter - Downloaded https://repo.maven.apache.org/maven2/org/junit/junit-bom/5.8.2/junit-bom-5.8.2.pom
2024-06-20 17:00:26,398 [Worker-3: Building] INFO  o.e.m.c.i.e.AbstractTransferListenerAdapter - Downloading https://repo.maven.apache.org/maven2/org/jetbrains/kotlin/kotlin-bom/1.6.10/kotlin-bom-1.6.10.pom
2024-06-20 17:00:26,430 [Worker-3: Building] INFO  o.e.m.c.i.e.AbstractTransferListenerAdapter - Downloaded https://repo.maven.apache.org/maven2/org/jetbrains/kotlin/kotlin-bom/1.6.10/kotlin-bom-1.6.10.pom
2024-06-20 17:00:26,495 [Worker-3: Building] INFO  o.e.m.c.i.e.AbstractTransferListenerAdapter - Downloading https://repo.maven.apache.org/maven2/org/jetbrains/kotlinx/kotlinx-coroutines-bom/1.5.2/kotlinx-coroutines-bom-1.5.2.pom
2024-06-20 17:00:26,527 [Worker-3: Building] INFO  o.e.m.c.i.e.AbstractTransferListenerAdapter - Downloaded https://repo.maven.apache.org/maven2/org/jetbrains/kotlinx/kotlinx-coroutines-bom/1.5.2/kotlinx-coroutines-bom-1.5.2.pom
2024-06-20 17:00:26,590 [Worker-3: Building] INFO  o.e.m.c.i.e.AbstractTransferListenerAdapter - Downloading https://repo.maven.apache.org/maven2/org/apache/logging/log4j/log4j-bom/2.17.2/log4j-bom-2.17.2.pom
2024-06-20 17:00:26,630 [Worker-3: Building] INFO  o.e.m.c.i.e.AbstractTransferListenerAdapter - Downloaded https://repo.maven.apache.org/maven2/org/apache/logging/log4j/log4j-bom/2.17.2/log4j-bom-2.17.2.pom
2024-06-20 17:00:26,698 [Worker-3: Building] INFO  o.e.m.c.i.e.AbstractTransferListenerAdapter - Downloading https://repo.maven.apache.org/maven2/org/apache/logging/logging-parent/5/logging-parent-5.pom
2024-06-20 17:00:26,735 [Worker-3: Building] INFO  o.e.m.c.i.e.AbstractTransferListenerAdapter - Downloaded https://repo.maven.apache.org/maven2/org/apache/logging/logging-parent/5/logging-parent-5.pom
2024-06-20 17:00:26,820 [Worker-3: Building] INFO  o.e.m.c.i.e.AbstractTransferListenerAdapter - Downloading https://repo.maven.apache.org/maven2/org/apache/apache/24/apache-24.pom
2024-06-20 17:00:26,862 [Worker-3: Building] INFO  o.e.m.c.i.e.AbstractTransferListenerAdapter - Downloaded https://repo.maven.apache.org/maven2/org/apache/apache/24/apache-24.pom
2024-06-20 17:00:26,910 [Worker-3: Building] INFO  o.e.m.c.i.e.AbstractTransferListenerAdapter - Downloading https://repo.maven.apache.org/maven2/io/micrometer/micrometer-bom/1.8.4/micrometer-bom-1.8.4.pom
2024-06-20 17:00:26,946 [Worker-3: Building] INFO  o.e.m.c.i.e.AbstractTransferListenerAdapter - Downloaded https://repo.maven.apache.org/maven2/io/micrometer/micrometer-bom/1.8.4/micrometer-bom-1.8.4.pom
2024-06-20 17:00:26,976 [Worker-3: Building] INFO  o.e.m.c.i.e.AbstractTransferListenerAdapter - Downloading https://repo.maven.apache.org/maven2/io/netty/netty-bom/4.1.75.Final/netty-bom-4.1.75.Final.pom
2024-06-20 17:00:27,009 [Worker-3: Building] INFO  o.e.m.c.i.e.AbstractTransferListenerAdapter - Downloaded https://repo.maven.apache.org/maven2/io/netty/netty-bom/4.1.75.Final/netty-bom-4.1.75.Final.pom
2024-06-20 17:00:27,049 [Worker-3: Building] INFO  o.e.m.c.i.e.AbstractTransferListenerAdapter - Downloading https://repo.maven.apache.org/maven2/org/sonatype/oss/oss-parent/7/oss-parent-7.pom
2024-06-20 17:00:27,079 [Worker-3: Building] INFO  o.e.m.c.i.e.AbstractTransferListenerAdapter - Downloaded https://repo.maven.apache.org/maven2/org/sonatype/oss/oss-parent/7/oss-parent-7.pom
2024-06-20 17:00:27,121 [Worker-3: Building] INFO  o.e.m.c.i.e.AbstractTransferListenerAdapter - Downloading https://repo.maven.apache.org/maven2/com/oracle/database/jdbc/ojdbc-bom/21.3.0.0/ojdbc-bom-21.3.0.0.pom
2024-06-20 17:00:27,152 [Worker-3: Building] INFO  o.e.m.c.i.e.AbstractTransferListenerAdapter - Downloaded https://repo.maven.apache.org/maven2/com/oracle/database/jdbc/ojdbc-bom/21.3.0.0/ojdbc-bom-21.3.0.0.pom
2024-06-20 17:00:27,196 [Worker-3: Building] INFO  o.e.m.c.i.e.AbstractTransferListenerAdapter - Downloading https://repo.maven.apache.org/maven2/io/prometheus/simpleclient_bom/0.12.0/simpleclient_bom-0.12.0.pom
2024-06-20 17:00:27,229 [Worker-3: Building] INFO  o.e.m.c.i.e.AbstractTransferListenerAdapter - Downloaded https://repo.maven.apache.org/maven2/io/prometheus/simpleclient_bom/0.12.0/simpleclient_bom-0.12.0.pom
2024-06-20 17:00:27,258 [Worker-3: Building] INFO  o.e.m.c.i.e.AbstractTransferListenerAdapter - Downloading https://repo.maven.apache.org/maven2/io/prometheus/parent/0.12.0/parent-0.12.0.pom
2024-06-20 17:00:27,296 [Worker-3: Building] INFO  o.e.m.c.i.e.AbstractTransferListenerAdapter - Downloaded https://repo.maven.apache.org/maven2/io/prometheus/parent/0.12.0/parent-0.12.0.pom
2024-06-20 17:00:27,396 [Worker-3: Building] INFO  o.e.m.c.i.e.AbstractTransferListenerAdapter - Downloading https://repo.maven.apache.org/maven2/com/querydsl/querydsl-bom/5.0.0/querydsl-bom-5.0.0.pom
2024-06-20 17:00:27,435 [Worker-3: Building] INFO  o.e.m.c.i.e.AbstractTransferListenerAdapter - Downloaded https://repo.maven.apache.org/maven2/com/querydsl/querydsl-bom/5.0.0/querydsl-bom-5.0.0.pom
2024-06-20 17:00:27,492 [Worker-3: Building] INFO  o.e.m.c.i.e.AbstractTransferListenerAdapter - Downloading https://repo.maven.apache.org/maven2/io/r2dbc/r2dbc-bom/Arabba-SR13/r2dbc-bom-Arabba-SR13.pom
2024-06-20 17:00:27,528 [Worker-3: Building] INFO  o.e.m.c.i.e.AbstractTransferListenerAdapter - Downloaded https://repo.maven.apache.org/maven2/io/r2dbc/r2dbc-bom/Arabba-SR13/r2dbc-bom-Arabba-SR13.pom
2024-06-20 17:00:27,563 [Worker-3: Building] INFO  o.e.m.c.i.e.AbstractTransferListenerAdapter - Downloading https://repo.maven.apache.org/maven2/io/projectreactor/reactor-bom/2020.0.17/reactor-bom-2020.0.17.pom
2024-06-20 17:00:27,592 [Worker-3: Building] INFO  o.e.m.c.i.e.AbstractTransferListenerAdapter - Downloaded https://repo.maven.apache.org/maven2/io/projectreactor/reactor-bom/2020.0.17/reactor-bom-2020.0.17.pom
2024-06-20 17:00:27,664 [Worker-3: Building] INFO  o.e.m.c.i.e.AbstractTransferListenerAdapter - Downloading https://repo.maven.apache.org/maven2/io/rsocket/rsocket-bom/1.1.1/rsocket-bom-1.1.1.pom
2024-06-20 17:00:27,695 [Worker-3: Building] INFO  o.e.m.c.i.e.AbstractTransferListenerAdapter - Downloaded https://repo.maven.apache.org/maven2/io/rsocket/rsocket-bom/1.1.1/rsocket-bom-1.1.1.pom
2024-06-20 17:00:27,782 [Worker-3: Building] INFO  o.e.m.c.i.e.AbstractTransferListenerAdapter - Downloading https://repo.maven.apache.org/maven2/org/springframework/data/spring-data-bom/2021.1.3/spring-data-bom-2021.1.3.pom
2024-06-20 17:00:27,811 [Worker-3: Building] INFO  o.e.m.c.i.e.AbstractTransferListenerAdapter - Downloaded https://repo.maven.apache.org/maven2/org/springframework/data/spring-data-bom/2021.1.3/spring-data-bom-2021.1.3.pom
2024-06-20 17:00:27,839 [Worker-3: Building] INFO  o.e.m.c.i.e.AbstractTransferListenerAdapter - Downloading https://repo.maven.apache.org/maven2/org/springframework/spring-framework-bom/5.3.18/spring-framework-bom-5.3.18.pom
2024-06-20 17:00:27,867 [Worker-3: Building] INFO  o.e.m.c.i.e.AbstractTransferListenerAdapter - Downloaded https://repo.maven.apache.org/maven2/org/springframework/spring-framework-bom/5.3.18/spring-framework-bom-5.3.18.pom
2024-06-20 17:00:27,898 [Worker-3: Building] INFO  o.e.m.c.i.e.AbstractTransferListenerAdapter - Downloading https://repo.maven.apache.org/maven2/org/springframework/integration/spring-integration-bom/5.5.10/spring-integration-bom-5.5.10.pom
2024-06-20 17:00:27,936 [Worker-3: Building] INFO  o.e.m.c.i.e.AbstractTransferListenerAdapter - Downloaded https://repo.maven.apache.org/maven2/org/springframework/integration/spring-integration-bom/5.5.10/spring-integration-bom-5.5.10.pom
2024-06-20 17:00:27,987 [Worker-3: Building] INFO  o.e.m.c.i.e.AbstractTransferListenerAdapter - Downloading https://repo.maven.apache.org/maven2/org/springframework/security/spring-security-bom/5.6.2/spring-security-bom-5.6.2.pom
2024-06-20 17:00:28,015 [Worker-3: Building] INFO  o.e.m.c.i.e.AbstractTransferListenerAdapter - Downloaded https://repo.maven.apache.org/maven2/org/springframework/security/spring-security-bom/5.6.2/spring-security-bom-5.6.2.pom
2024-06-20 17:00:28,049 [Worker-3: Building] INFO  o.e.m.c.i.e.AbstractTransferListenerAdapter - Downloading https://repo.maven.apache.org/maven2/org/springframework/session/spring-session-bom/2021.1.2/spring-session-bom-2021.1.2.pom
2024-06-20 17:00:28,077 [Worker-3: Building] INFO  o.e.m.c.i.e.AbstractTransferListenerAdapter - Downloaded https://repo.maven.apache.org/maven2/org/springframework/session/spring-session-bom/2021.1.2/spring-session-bom-2021.1.2.pom
2024-06-20 17:00:28,324 [Worker-3: Building] INFO  o.e.m.c.i.e.AbstractTransferListenerAdapter - Downloading https://repo.maven.apache.org/maven2/org/springframework/boot/spring-boot-maven-plugin/2.6.6/spring-boot-maven-plugin-2.6.6.pom
2024-06-20 17:00:28,349 [Worker-3: Building] INFO  o.e.m.c.i.e.AbstractTransferListenerAdapter - Downloaded https://repo.maven.apache.org/maven2/org/springframework/boot/spring-boot-maven-plugin/2.6.6/spring-boot-maven-plugin-2.6.6.pom
2024-06-20 17:00:28,451 [Worker-3: Building] INFO  o.e.m.c.i.e.AbstractTransferListenerAdapter - Downloading https://repo.maven.apache.org/maven2/org/springframework/boot/spring-boot-maven-plugin/2.6.6/spring-boot-maven-plugin-2.6.6.jar
2024-06-20 17:00:28,496 [Worker-3: Building] INFO  o.e.m.c.i.e.AbstractTransferListenerAdapter - Downloaded https://repo.maven.apache.org/maven2/org/springframework/boot/spring-boot-maven-plugin/2.6.6/spring-boot-maven-plugin-2.6.6.jar
2024-06-20 17:00:28,553 [Worker-3: Building] INFO  o.e.m.c.i.e.AbstractTransferListenerAdapter - Downloading https://repo.maven.apache.org/maven2/org/apache/maven/plugins/maven-clean-plugin/3.1.0/maven-clean-plugin-3.1.0.jar
2024-06-20 17:00:29,002 [Worker-3: Building] INFO  o.e.m.c.i.e.AbstractTransferListenerAdapter - Downloaded https://repo.maven.apache.org/maven2/org/apache/maven/plugins/maven-clean-plugin/3.1.0/maven-clean-plugin-3.1.0.jar
2024-06-20 17:00:29,274 [Worker-3: Building] INFO  o.e.m.c.i.e.AbstractTransferListenerAdapter - Downloading https://repo.maven.apache.org/maven2/org/apache/maven/plugins/maven-resources-plugin/3.2.0/maven-resources-plugin-3.2.0.jar
2024-06-20 17:00:30,114 [Worker-3: Building] INFO  o.e.m.c.i.e.AbstractTransferListenerAdapter - Downloaded https://repo.maven.apache.org/maven2/org/apache/maven/plugins/maven-resources-plugin/3.2.0/maven-resources-plugin-3.2.0.jar
2024-06-20 17:00:30,790 [Worker-3: Building] INFO  o.e.m.c.i.e.AbstractTransferListenerAdapter - Downloading https://repo.maven.apache.org/maven2/org/apache/maven/plugins/maven-compiler-plugin/3.8.1/maven-compiler-plugin-3.8.1.jar
2024-06-20 17:00:31,217 [Worker-3: Building] INFO  o.e.m.c.i.e.AbstractTransferListenerAdapter - Downloaded https://repo.maven.apache.org/maven2/org/apache/maven/plugins/maven-compiler-plugin/3.8.1/maven-compiler-plugin-3.8.1.jar
2024-06-20 17:00:31,414 [Worker-3: Building] INFO  o.e.m.c.i.e.AbstractTransferListenerAdapter - Downloading https://repo.maven.apache.org/maven2/org/apache/maven/plugins/maven-surefire-plugin/2.22.2/maven-surefire-plugin-2.22.2.jar
2024-06-20 17:00:31,808 [Worker-3: Building] INFO  o.e.m.c.i.e.AbstractTransferListenerAdapter - Downloaded https://repo.maven.apache.org/maven2/org/apache/maven/plugins/maven-surefire-plugin/2.22.2/maven-surefire-plugin-2.22.2.jar
2024-06-20 17:00:32,075 [Worker-3: Building] INFO  o.e.m.c.i.e.AbstractTransferListenerAdapter - Downloading https://repo.maven.apache.org/maven2/org/apache/maven/plugins/maven-jar-plugin/3.2.2/maven-jar-plugin-3.2.2.jar
2024-06-20 17:00:32,581 [Worker-3: Building] INFO  o.e.m.c.i.e.AbstractTransferListenerAdapter - Downloaded https://repo.maven.apache.org/maven2/org/apache/maven/plugins/maven-jar-plugin/3.2.2/maven-jar-plugin-3.2.2.jar
2024-06-20 17:00:32,812 [Worker-3: Building] INFO  o.e.m.c.i.e.AbstractTransferListenerAdapter - Downloading https://repo.maven.apache.org/maven2/org/apache/maven/plugins/maven-install-plugin/2.5.2/maven-install-plugin-2.5.2.jar
2024-06-20 17:00:33,188 [Worker-3: Building] INFO  o.e.m.c.i.e.AbstractTransferListenerAdapter - Downloaded https://repo.maven.apache.org/maven2/org/apache/maven/plugins/maven-install-plugin/2.5.2/maven-install-plugin-2.5.2.jar
2024-06-20 17:00:33,431 [Worker-3: Building] INFO  o.e.m.c.i.e.AbstractTransferListenerAdapter - Downloading https://repo.maven.apache.org/maven2/org/apache/maven/plugins/maven-deploy-plugin/2.8.2/maven-deploy-plugin-2.8.2.jar
2024-06-20 17:00:33,990 [Worker-3: Building] INFO  o.e.m.c.i.e.AbstractTransferListenerAdapter - Downloaded https://repo.maven.apache.org/maven2/org/apache/maven/plugins/maven-deploy-plugin/2.8.2/maven-deploy-plugin-2.8.2.jar
2024-06-20 17:00:34,284 [Worker-3: Building] INFO  o.e.m.c.i.e.AbstractTransferListenerAdapter - Downloading https://repo.maven.apache.org/maven2/org/apache/maven/plugins/maven-compiler-plugin/3.8.1/maven-compiler-plugin-3.8.1.pom
2024-06-20 17:00:34,371 [Worker-3: Building] INFO  o.e.m.c.i.e.AbstractTransferListenerAdapter - Downloaded https://repo.maven.apache.org/maven2/org/apache/maven/plugins/maven-compiler-plugin/3.8.1/maven-compiler-plugin-3.8.1.pom
2024-06-20 17:00:34,505 [Worker-3: Building] INFO  o.e.m.c.i.e.AbstractTransferListenerAdapter - Downloading https://repo.maven.apache.org/maven2/org/apache/maven/plugins/maven-plugins/33/maven-plugins-33.pom
2024-06-20 17:00:34,581 [Worker-3: Building] INFO  o.e.m.c.i.e.AbstractTransferListenerAdapter - Downloaded https://repo.maven.apache.org/maven2/org/apache/maven/plugins/maven-plugins/33/maven-plugins-33.pom
2024-06-20 17:00:34,645 [Worker-3: Building] INFO  o.e.m.c.i.e.AbstractTransferListenerAdapter - Downloading https://repo.maven.apache.org/maven2/org/apache/maven/maven-parent/33/maven-parent-33.pom
2024-06-20 17:00:34,797 [Worker-3: Building] INFO  o.e.m.c.i.e.AbstractTransferListenerAdapter - Downloaded https://repo.maven.apache.org/maven2/org/apache/maven/maven-parent/33/maven-parent-33.pom
2024-06-20 17:00:34,917 [Worker-3: Building] INFO  o.e.m.c.i.e.AbstractTransferListenerAdapter - Downloading https://repo.maven.apache.org/maven2/org/apache/apache/21/apache-21.pom
2024-06-20 17:00:34,960 [Worker-3: Building] INFO  o.e.m.c.i.e.AbstractTransferListenerAdapter - Downloaded https://repo.maven.apache.org/maven2/org/apache/apache/21/apache-21.pom
2024-06-20 17:00:35,088 [Worker-3: Building] INFO  o.e.m.c.i.e.AbstractTransferListenerAdapter - Downloading https://repo.maven.apache.org/maven2/org/codehaus/plexus/plexus-utils/2.0.4/plexus-utils-2.0.4.pom
2024-06-20 17:00:35,170 [Worker-3: Building] INFO  o.e.m.c.i.e.AbstractTransferListenerAdapter - Downloaded https://repo.maven.apache.org/maven2/org/codehaus/plexus/plexus-utils/2.0.4/plexus-utils-2.0.4.pom
2024-06-20 17:00:35,260 [Worker-3: Building] INFO  o.e.m.c.i.e.AbstractTransferListenerAdapter - Downloading https://repo.maven.apache.org/maven2/org/codehaus/plexus/plexus-component-annotations/1.7.1/plexus-component-annotations-1.7.1.pom
2024-06-20 17:00:35,292 [Worker-3: Building] INFO  o.e.m.c.i.e.AbstractTransferListenerAdapter - Downloaded https://repo.maven.apache.org/maven2/org/codehaus/plexus/plexus-component-annotations/1.7.1/plexus-component-annotations-1.7.1.pom
2024-06-20 17:00:35,370 [Worker-3: Building] INFO  o.e.m.c.i.e.AbstractTransferListenerAdapter - Downloading https://repo.maven.apache.org/maven2/org/codehaus/plexus/plexus-containers/1.7.1/plexus-containers-1.7.1.pom
2024-06-20 17:00:35,405 [Worker-3: Building] INFO  o.e.m.c.i.e.AbstractTransferListenerAdapter - Downloaded https://repo.maven.apache.org/maven2/org/codehaus/plexus/plexus-containers/1.7.1/plexus-containers-1.7.1.pom
2024-06-20 17:00:35,449 [Worker-3: Building] INFO  o.e.m.c.i.e.AbstractTransferListenerAdapter - Downloading https://repo.maven.apache.org/maven2/org/codehaus/plexus/plexus/4.0/plexus-4.0.pom
2024-06-20 17:00:35,535 [Worker-3: Building] INFO  o.e.m.c.i.e.AbstractTransferListenerAdapter - Downloaded https://repo.maven.apache.org/maven2/org/codehaus/plexus/plexus/4.0/plexus-4.0.pom
2024-06-20 17:00:35,684 [Worker-3: Building] INFO  o.e.m.c.i.e.AbstractTransferListenerAdapter - Downloading https://repo.maven.apache.org/maven2/org/codehaus/plexus/plexus-utils/2.0.5/plexus-utils-2.0.5.pom
2024-06-20 17:00:35,723 [Worker-3: Building] INFO  o.e.m.c.i.e.AbstractTransferListenerAdapter - Downloaded https://repo.maven.apache.org/maven2/org/codehaus/plexus/plexus-utils/2.0.5/plexus-utils-2.0.5.pom
2024-06-20 17:00:35,806 [Worker-3: Building] INFO  o.e.m.c.i.e.AbstractTransferListenerAdapter - Downloading https://repo.maven.apache.org/maven2/org/apache/maven/maven-settings/3.0/maven-settings-3.0.pom
2024-06-20 17:00:35,848 [Worker-3: Building] INFO  o.e.m.c.i.e.AbstractTransferListenerAdapter - Downloaded https://repo.maven.apache.org/maven2/org/apache/maven/maven-settings/3.0/maven-settings-3.0.pom
2024-06-20 17:00:35,909 [Worker-3: Building] INFO  o.e.m.c.i.e.AbstractTransferListenerAdapter - Downloading https://repo.maven.apache.org/maven2/org/codehaus/plexus/plexus-utils/1.5.5/plexus-utils-1.5.5.pom
2024-06-20 17:00:35,941 [Worker-3: Building] INFO  o.e.m.c.i.e.AbstractTransferListenerAdapter - Downloaded https://repo.maven.apache.org/maven2/org/codehaus/plexus/plexus-utils/1.5.5/plexus-utils-1.5.5.pom
2024-06-20 17:00:36,011 [Worker-3: Building] INFO  o.e.m.c.i.e.AbstractTransferListenerAdapter - Downloading https://repo.maven.apache.org/maven2/org/codehaus/plexus/plexus/1.0.11/plexus-1.0.11.pom
2024-06-20 17:00:36,058 [Worker-3: Building] INFO  o.e.m.c.i.e.AbstractTransferListenerAdapter - Downloaded https://repo.maven.apache.org/maven2/org/codehaus/plexus/plexus/1.0.11/plexus-1.0.11.pom
2024-06-20 17:00:36,149 [Worker-3: Building] INFO  o.e.m.c.i.e.AbstractTransferListenerAdapter - Downloading https://repo.maven.apache.org/maven2/org/apache/maven/shared/maven-shared-utils/3.2.1/maven-shared-utils-3.2.1.pom
2024-06-20 17:00:36,191 [Worker-3: Building] INFO  o.e.m.c.i.e.AbstractTransferListenerAdapter - Downloaded https://repo.maven.apache.org/maven2/org/apache/maven/shared/maven-shared-utils/3.2.1/maven-shared-utils-3.2.1.pom
2024-06-20 17:00:36,216 [Worker-3: Building] INFO  o.e.m.c.i.e.AbstractTransferListenerAdapter - Downloading https://repo.maven.apache.org/maven2/org/apache/maven/shared/maven-shared-components/30/maven-shared-components-30.pom
2024-06-20 17:00:36,249 [Worker-3: Building] INFO  o.e.m.c.i.e.AbstractTransferListenerAdapter - Downloaded https://repo.maven.apache.org/maven2/org/apache/maven/shared/maven-shared-components/30/maven-shared-components-30.pom
2024-06-20 17:00:36,322 [Worker-3: Building] INFO  o.e.m.c.i.e.AbstractTransferListenerAdapter - Downloading https://repo.maven.apache.org/maven2/org/apache/maven/maven-parent/30/maven-parent-30.pom
2024-06-20 17:00:36,367 [Worker-3: Building] INFO  o.e.m.c.i.e.AbstractTransferListenerAdapter - Downloaded https://repo.maven.apache.org/maven2/org/apache/maven/maven-parent/30/maven-parent-30.pom
2024-06-20 17:00:36,524 [Worker-3: Building] INFO  o.e.m.c.i.e.AbstractTransferListenerAdapter - Downloading https://repo.maven.apache.org/maven2/commons-io/commons-io/2.5/commons-io-2.5.pom
2024-06-20 17:00:36,570 [Worker-3: Building] INFO  o.e.m.c.i.e.AbstractTransferListenerAdapter - Downloaded https://repo.maven.apache.org/maven2/commons-io/commons-io/2.5/commons-io-2.5.pom
2024-06-20 17:00:36,634 [Worker-3: Building] INFO  o.e.m.c.i.e.AbstractTransferListenerAdapter - Downloading https://repo.maven.apache.org/maven2/org/apache/commons/commons-parent/39/commons-parent-39.pom
2024-06-20 17:00:36,698 [Worker-3: Building] INFO  o.e.m.c.i.e.AbstractTransferListenerAdapter - Downloaded https://repo.maven.apache.org/maven2/org/apache/commons/commons-parent/39/commons-parent-39.pom
2024-06-20 17:00:36,770 [Worker-3: Building] INFO  o.e.m.c.i.e.AbstractTransferListenerAdapter - Downloading https://repo.maven.apache.org/maven2/org/apache/apache/16/apache-16.pom
2024-06-20 17:00:36,822 [Worker-3: Building] INFO  o.e.m.c.i.e.AbstractTransferListenerAdapter - Downloaded https://repo.maven.apache.org/maven2/org/apache/apache/16/apache-16.pom
2024-06-20 17:00:36,873 [Worker-3: Building] INFO  o.e.m.c.i.e.AbstractTransferListenerAdapter - Downloading https://repo.maven.apache.org/maven2/org/apache/maven/maven-plugin-api/2.2.1/maven-plugin-api-2.2.1.pom
2024-06-20 17:00:36,914 [Worker-3: Building] INFO  o.e.m.c.i.e.AbstractTransferListenerAdapter - Downloaded https://repo.maven.apache.org/maven2/org/apache/maven/maven-plugin-api/2.2.1/maven-plugin-api-2.2.1.pom
2024-06-20 17:00:37,087 [Worker-3: Building] INFO  o.e.m.c.i.e.AbstractTransferListenerAdapter - Downloading https://repo.maven.apache.org/maven2/org/apache/maven/maven/2.2.1/maven-2.2.1.pom
2024-06-20 17:00:37,169 [Worker-3: Building] INFO  o.e.m.c.i.e.AbstractTransferListenerAdapter - Downloaded https://repo.maven.apache.org/maven2/org/apache/maven/maven/2.2.1/maven-2.2.1.pom
2024-06-20 17:00:37,238 [Worker-3: Building] INFO  o.e.m.c.i.e.AbstractTransferListenerAdapter - Downloading https://repo.maven.apache.org/maven2/org/apache/maven/maven-parent/11/maven-parent-11.pom
2024-06-20 17:00:37,283 [Worker-3: Building] INFO  o.e.m.c.i.e.AbstractTransferListenerAdapter - Downloaded https://repo.maven.apache.org/maven2/org/apache/maven/maven-parent/11/maven-parent-11.pom
2024-06-20 17:00:37,395 [Worker-3: Building] INFO  o.e.m.c.i.e.AbstractTransferListenerAdapter - Downloading https://repo.maven.apache.org/maven2/org/apache/apache/5/apache-5.pom
2024-06-20 17:00:37,447 [Worker-3: Building] INFO  o.e.m.c.i.e.AbstractTransferListenerAdapter - Downloaded https://repo.maven.apache.org/maven2/org/apache/apache/5/apache-5.pom
2024-06-20 17:00:37,511 [Worker-3: Building] INFO  o.e.m.c.i.e.AbstractTransferListenerAdapter - Downloading https://repo.maven.apache.org/maven2/org/apache/maven/maven-core/2.2.1/maven-core-2.2.1.pom
2024-06-20 17:00:37,565 [Worker-3: Building] INFO  o.e.m.c.i.e.AbstractTransferListenerAdapter - Downloaded https://repo.maven.apache.org/maven2/org/apache/maven/maven-core/2.2.1/maven-core-2.2.1.pom
2024-06-20 17:00:37,617 [Worker-3: Building] INFO  o.e.m.c.i.e.AbstractTransferListenerAdapter - Downloading https://repo.maven.apache.org/maven2/org/apache/maven/maven-settings/2.2.1/maven-settings-2.2.1.pom
2024-06-20 17:00:37,657 [Worker-3: Building] INFO  o.e.m.c.i.e.AbstractTransferListenerAdapter - Downloaded https://repo.maven.apache.org/maven2/org/apache/maven/maven-settings/2.2.1/maven-settings-2.2.1.pom
2024-06-20 17:00:37,826 [Worker-3: Building] INFO  o.e.m.c.i.e.AbstractTransferListenerAdapter - Downloading https://repo.maven.apache.org/maven2/org/apache/maven/maven-model/2.2.1/maven-model-2.2.1.pom
2024-06-20 17:00:37,896 [Worker-3: Building] INFO  o.e.m.c.i.e.AbstractTransferListenerAdapter - Downloaded https://repo.maven.apache.org/maven2/org/apache/maven/maven-model/2.2.1/maven-model-2.2.1.pom
2024-06-20 17:00:37,971 [Worker-3: Building] INFO  o.e.m.c.i.e.AbstractTransferListenerAdapter - Downloading https://repo.maven.apache.org/maven2/org/codehaus/plexus/plexus-utils/1.5.15/plexus-utils-1.5.15.pom
2024-06-20 17:00:38,002 [Worker-3: Building] INFO  o.e.m.c.i.e.AbstractTransferListenerAdapter - Downloaded https://repo.maven.apache.org/maven2/org/codehaus/plexus/plexus-utils/1.5.15/plexus-utils-1.5.15.pom
2024-06-20 17:00:38,381 [Worker-3: Building] INFO  o.e.m.c.i.e.AbstractTransferListenerAdapter - Downloading https://repo.maven.apache.org/maven2/org/codehaus/plexus/plexus/2.0.2/plexus-2.0.2.pom
2024-06-20 17:00:38,422 [Worker-3: Building] INFO  o.e.m.c.i.e.AbstractTransferListenerAdapter - Downloaded https://repo.maven.apache.org/maven2/org/codehaus/plexus/plexus/2.0.2/plexus-2.0.2.pom
2024-06-20 17:00:38,570 [Worker-3: Building] INFO  o.e.m.c.i.e.AbstractTransferListenerAdapter - Downloading https://repo.maven.apache.org/maven2/org/codehaus/plexus/plexus-interpolation/1.11/plexus-interpolation-1.11.pom
2024-06-20 17:00:38,605 [Worker-3: Building] INFO  o.e.m.c.i.e.AbstractTransferListenerAdapter - Downloaded https://repo.maven.apache.org/maven2/org/codehaus/plexus/plexus-interpolation/1.11/plexus-interpolation-1.11.pom
2024-06-20 17:00:38,681 [Worker-3: Building] INFO  o.e.m.c.i.e.AbstractTransferListenerAdapter - Downloading https://repo.maven.apache.org/maven2/org/codehaus/plexus/plexus-components/1.1.14/plexus-components-1.1.14.pom
2024-06-20 17:00:38,710 [Worker-3: Building] INFO  o.e.m.c.i.e.AbstractTransferListenerAdapter - Downloaded https://repo.maven.apache.org/maven2/org/codehaus/plexus/plexus-components/1.1.14/plexus-components-1.1.14.pom
2024-06-20 17:00:38,743 [Worker-3: Building] INFO  o.e.m.c.i.e.AbstractTransferListenerAdapter - Downloading https://repo.maven.apache.org/maven2/org/apache/maven/maven-plugin-parameter-documenter/2.2.1/maven-plugin-parameter-documenter-2.2.1.pom
2024-06-20 17:00:38,774 [Worker-3: Building] INFO  o.e.m.c.i.e.AbstractTransferListenerAdapter - Downloaded https://repo.maven.apache.org/maven2/org/apache/maven/maven-plugin-parameter-documenter/2.2.1/maven-plugin-parameter-documenter-2.2.1.pom
2024-06-20 17:00:38,806 [Worker-3: Building] INFO  o.e.m.c.i.e.AbstractTransferListenerAdapter - Downloading https://repo.maven.apache.org/maven2/org/slf4j/slf4j-jdk14/1.5.6/slf4j-jdk14-1.5.6.pom
2024-06-20 17:00:38,836 [Worker-3: Building] INFO  o.e.m.c.i.e.AbstractTransferListenerAdapter - Downloaded https://repo.maven.apache.org/maven2/org/slf4j/slf4j-jdk14/1.5.6/slf4j-jdk14-1.5.6.pom
2024-06-20 17:00:38,864 [Worker-3: Building] INFO  o.e.m.c.i.e.AbstractTransferListenerAdapter - Downloading https://repo.maven.apache.org/maven2/org/slf4j/slf4j-parent/1.5.6/slf4j-parent-1.5.6.pom
2024-06-20 17:00:38,896 [Worker-3: Building] INFO  o.e.m.c.i.e.AbstractTransferListenerAdapter - Downloaded https://repo.maven.apache.org/maven2/org/slf4j/slf4j-parent/1.5.6/slf4j-parent-1.5.6.pom
2024-06-20 17:00:39,010 [Worker-3: Building] INFO  o.e.m.c.i.e.AbstractTransferListenerAdapter - Downloading https://repo.maven.apache.org/maven2/org/slf4j/slf4j-api/1.5.6/slf4j-api-1.5.6.pom
2024-06-20 17:00:39,044 [Worker-3: Building] INFO  o.e.m.c.i.e.AbstractTransferListenerAdapter - Downloaded https://repo.maven.apache.org/maven2/org/slf4j/slf4j-api/1.5.6/slf4j-api-1.5.6.pom
2024-06-20 17:00:39,081 [Worker-3: Building] INFO  o.e.m.c.i.e.AbstractTransferListenerAdapter - Downloading https://repo.maven.apache.org/maven2/org/slf4j/jcl-over-slf4j/1.5.6/jcl-over-slf4j-1.5.6.pom
2024-06-20 17:00:39,105 [Worker-3: Building] INFO  o.e.m.c.i.e.AbstractTransferListenerAdapter - Downloaded https://repo.maven.apache.org/maven2/org/slf4j/jcl-over-slf4j/1.5.6/jcl-over-slf4j-1.5.6.pom
2024-06-20 17:00:39,132 [Worker-3: Building] INFO  o.e.m.c.i.e.AbstractTransferListenerAdapter - Downloading https://repo.maven.apache.org/maven2/org/apache/maven/maven-profile/2.2.1/maven-profile-2.2.1.pom
2024-06-20 17:00:39,161 [Worker-3: Building] INFO  o.e.m.c.i.e.AbstractTransferListenerAdapter - Downloaded https://repo.maven.apache.org/maven2/org/apache/maven/maven-profile/2.2.1/maven-profile-2.2.1.pom
2024-06-20 17:00:39,288 [Worker-3: Building] INFO  o.e.m.c.i.e.AbstractTransferListenerAdapter - Downloading https://repo.maven.apache.org/maven2/org/apache/maven/maven-artifact/2.2.1/maven-artifact-2.2.1.pom
2024-06-20 17:00:39,329 [Worker-3: Building] INFO  o.e.m.c.i.e.AbstractTransferListenerAdapter - Downloaded https://repo.maven.apache.org/maven2/org/apache/maven/maven-artifact/2.2.1/maven-artifact-2.2.1.pom
2024-06-20 17:00:39,356 [Worker-3: Building] INFO  o.e.m.c.i.e.AbstractTransferListenerAdapter - Downloading https://repo.maven.apache.org/maven2/org/apache/maven/maven-repository-metadata/2.2.1/maven-repository-metadata-2.2.1.pom
2024-06-20 17:00:39,413 [Worker-3: Building] INFO  o.e.m.c.i.e.AbstractTransferListenerAdapter - Downloaded https://repo.maven.apache.org/maven2/org/apache/maven/maven-repository-metadata/2.2.1/maven-repository-metadata-2.2.1.pom
2024-06-20 17:00:39,660 [Worker-3: Building] INFO  o.e.m.c.i.e.AbstractTransferListenerAdapter - Downloading https://repo.maven.apache.org/maven2/org/apache/maven/maven-error-diagnostics/2.2.1/maven-error-diagnostics-2.2.1.pom
2024-06-20 17:00:39,694 [Worker-3: Building] INFO  o.e.m.c.i.e.AbstractTransferListenerAdapter - Downloaded https://repo.maven.apache.org/maven2/org/apache/maven/maven-error-diagnostics/2.2.1/maven-error-diagnostics-2.2.1.pom
2024-06-20 17:00:39,796 [Worker-3: Building] INFO  o.e.m.c.i.e.AbstractTransferListenerAdapter - Downloading https://repo.maven.apache.org/maven2/org/apache/maven/maven-project/2.2.1/maven-project-2.2.1.pom
2024-06-20 17:00:39,832 [Worker-3: Building] INFO  o.e.m.c.i.e.AbstractTransferListenerAdapter - Downloaded https://repo.maven.apache.org/maven2/org/apache/maven/maven-project/2.2.1/maven-project-2.2.1.pom
2024-06-20 17:00:39,863 [Worker-3: Building] INFO  o.e.m.c.i.e.AbstractTransferListenerAdapter - Downloading https://repo.maven.apache.org/maven2/org/apache/maven/maven-artifact-manager/2.2.1/maven-artifact-manager-2.2.1.pom
2024-06-20 17:00:39,900 [Worker-3: Building] INFO  o.e.m.c.i.e.AbstractTransferListenerAdapter - Downloaded https://repo.maven.apache.org/maven2/org/apache/maven/maven-artifact-manager/2.2.1/maven-artifact-manager-2.2.1.pom
2024-06-20 17:00:40,002 [Worker-3: Building] INFO  o.e.m.c.i.e.AbstractTransferListenerAdapter - Downloading https://repo.maven.apache.org/maven2/backport-util-concurrent/backport-util-concurrent/3.1/backport-util-concurrent-3.1.pom
2024-06-20 17:00:40,043 [Worker-3: Building] INFO  o.e.m.c.i.e.AbstractTransferListenerAdapter - Downloaded https://repo.maven.apache.org/maven2/backport-util-concurrent/backport-util-concurrent/3.1/backport-util-concurrent-3.1.pom
2024-06-20 17:00:40,081 [Worker-3: Building] INFO  o.e.m.c.i.e.AbstractTransferListenerAdapter - Downloading https://repo.maven.apache.org/maven2/org/apache/maven/maven-plugin-registry/2.2.1/maven-plugin-registry-2.2.1.pom
2024-06-20 17:00:40,115 [Worker-3: Building] INFO  o.e.m.c.i.e.AbstractTransferListenerAdapter - Downloaded https://repo.maven.apache.org/maven2/org/apache/maven/maven-plugin-registry/2.2.1/maven-plugin-registry-2.2.1.pom
2024-06-20 17:00:40,164 [Worker-3: Building] INFO  o.e.m.c.i.e.AbstractTransferListenerAdapter - Downloading https://repo.maven.apache.org/maven2/org/apache/maven/maven-plugin-descriptor/2.2.1/maven-plugin-descriptor-2.2.1.pom
2024-06-20 17:00:40,199 [Worker-3: Building] INFO  o.e.m.c.i.e.AbstractTransferListenerAdapter - Downloaded https://repo.maven.apache.org/maven2/org/apache/maven/maven-plugin-descriptor/2.2.1/maven-plugin-descriptor-2.2.1.pom
2024-06-20 17:00:40,226 [Worker-3: Building] INFO  o.e.m.c.i.e.AbstractTransferListenerAdapter - Downloading https://repo.maven.apache.org/maven2/org/apache/maven/maven-monitor/2.2.1/maven-monitor-2.2.1.pom
2024-06-20 17:00:40,255 [Worker-3: Building] INFO  o.e.m.c.i.e.AbstractTransferListenerAdapter - Downloaded https://repo.maven.apache.org/maven2/org/apache/maven/maven-monitor/2.2.1/maven-monitor-2.2.1.pom
2024-06-20 17:00:40,310 [Worker-3: Building] INFO  o.e.m.c.i.e.AbstractTransferListenerAdapter - Downloading https://repo.maven.apache.org/maven2/org/apache/maven/shared/maven-shared-utils/0.1/maven-shared-utils-0.1.pom
2024-06-20 17:00:40,343 [Worker-3: Building] INFO  o.e.m.c.i.e.AbstractTransferListenerAdapter - Downloaded https://repo.maven.apache.org/maven2/org/apache/maven/shared/maven-shared-utils/0.1/maven-shared-utils-0.1.pom
2024-06-20 17:00:40,373 [Worker-3: Building] INFO  o.e.m.c.i.e.AbstractTransferListenerAdapter - Downloading https://repo.maven.apache.org/maven2/org/apache/maven/shared/maven-shared-components/18/maven-shared-components-18.pom
2024-06-20 17:00:40,399 [Worker-3: Building] INFO  o.e.m.c.i.e.AbstractTransferListenerAdapter - Downloaded https://repo.maven.apache.org/maven2/org/apache/maven/shared/maven-shared-components/18/maven-shared-components-18.pom
2024-06-20 17:00:40,486 [Worker-3: Building] INFO  o.e.m.c.i.e.AbstractTransferListenerAdapter - Downloading https://repo.maven.apache.org/maven2/org/apache/maven/maven-parent/22/maven-parent-22.pom
2024-06-20 17:00:40,517 [Worker-3: Building] INFO  o.e.m.c.i.e.AbstractTransferListenerAdapter - Downloaded https://repo.maven.apache.org/maven2/org/apache/maven/maven-parent/22/maven-parent-22.pom
2024-06-20 17:00:40,558 [Worker-3: Building] INFO  o.e.m.c.i.e.AbstractTransferListenerAdapter - Downloading https://repo.maven.apache.org/maven2/org/apache/apache/11/apache-11.pom
2024-06-20 17:00:40,587 [Worker-3: Building] INFO  o.e.m.c.i.e.AbstractTransferListenerAdapter - Downloaded https://repo.maven.apache.org/maven2/org/apache/apache/11/apache-11.pom
2024-06-20 17:00:40,670 [Worker-3: Building] INFO  o.e.m.c.i.e.AbstractTransferListenerAdapter - Downloading https://repo.maven.apache.org/maven2/com/google/code/findbugs/jsr305/2.0.1/jsr305-2.0.1.pom
2024-06-20 17:00:40,692 [Worker-3: Building] INFO  o.e.m.c.i.e.AbstractTransferListenerAdapter - Downloaded https://repo.maven.apache.org/maven2/com/google/code/findbugs/jsr305/2.0.1/jsr305-2.0.1.pom
2024-06-20 17:00:40,718 [Worker-3: Building] INFO  o.e.m.c.i.e.AbstractTransferListenerAdapter - Downloading https://repo.maven.apache.org/maven2/org/codehaus/plexus/plexus-java/0.9.10/plexus-java-0.9.10.pom
2024-06-20 17:00:40,747 [Worker-3: Building] INFO  o.e.m.c.i.e.AbstractTransferListenerAdapter - Downloaded https://repo.maven.apache.org/maven2/org/codehaus/plexus/plexus-java/0.9.10/plexus-java-0.9.10.pom
2024-06-20 17:00:40,773 [Worker-3: Building] INFO  o.e.m.c.i.e.AbstractTransferListenerAdapter - Downloading https://repo.maven.apache.org/maven2/org/codehaus/plexus/plexus-languages/0.9.10/plexus-languages-0.9.10.pom
2024-06-20 17:00:40,804 [Worker-3: Building] INFO  o.e.m.c.i.e.AbstractTransferListenerAdapter - Downloaded https://repo.maven.apache.org/maven2/org/codehaus/plexus/plexus-languages/0.9.10/plexus-languages-0.9.10.pom
2024-06-20 17:00:40,846 [Worker-3: Building] INFO  o.e.m.c.i.e.AbstractTransferListenerAdapter - Downloading https://repo.maven.apache.org/maven2/org/ow2/asm/asm/6.2/asm-6.2.pom
2024-06-20 17:00:40,886 [Worker-3: Building] INFO  o.e.m.c.i.e.AbstractTransferListenerAdapter - Downloaded https://repo.maven.apache.org/maven2/org/ow2/asm/asm/6.2/asm-6.2.pom
2024-06-20 17:00:40,910 [Worker-3: Building] INFO  o.e.m.c.i.e.AbstractTransferListenerAdapter - Downloading https://repo.maven.apache.org/maven2/org/ow2/ow2/1.5/ow2-1.5.pom
2024-06-20 17:00:40,940 [Worker-3: Building] INFO  o.e.m.c.i.e.AbstractTransferListenerAdapter - Downloaded https://repo.maven.apache.org/maven2/org/ow2/ow2/1.5/ow2-1.5.pom
2024-06-20 17:00:40,984 [Worker-3: Building] INFO  o.e.m.c.i.e.AbstractTransferListenerAdapter - Downloading https://repo.maven.apache.org/maven2/com/thoughtworks/qdox/qdox/2.0-M9/qdox-2.0-M9.pom
2024-06-20 17:00:41,029 [Worker-3: Building] INFO  o.e.m.c.i.e.AbstractTransferListenerAdapter - Downloaded https://repo.maven.apache.org/maven2/com/thoughtworks/qdox/qdox/2.0-M9/qdox-2.0-M9.pom
2024-06-20 17:00:41,092 [Worker-3: Building] INFO  o.e.m.c.i.e.AbstractTransferListenerAdapter - Downloading https://repo.maven.apache.org/maven2/org/codehaus/plexus/plexus-compiler-api/2.8.4/plexus-compiler-api-2.8.4.pom
2024-06-20 17:00:41,120 [Worker-3: Building] INFO  o.e.m.c.i.e.AbstractTransferListenerAdapter - Downloaded https://repo.maven.apache.org/maven2/org/codehaus/plexus/plexus-compiler-api/2.8.4/plexus-compiler-api-2.8.4.pom
2024-06-20 17:00:41,163 [Worker-3: Building] INFO  o.e.m.c.i.e.AbstractTransferListenerAdapter - Downloading https://repo.maven.apache.org/maven2/org/codehaus/plexus/plexus-compiler/2.8.4/plexus-compiler-2.8.4.pom
2024-06-20 17:00:41,196 [Worker-3: Building] INFO  o.e.m.c.i.e.AbstractTransferListenerAdapter - Downloaded https://repo.maven.apache.org/maven2/org/codehaus/plexus/plexus-compiler/2.8.4/plexus-compiler-2.8.4.pom
2024-06-20 17:00:41,220 [Worker-3: Building] INFO  o.e.m.c.i.e.AbstractTransferListenerAdapter - Downloading https://repo.maven.apache.org/maven2/org/codehaus/plexus/plexus-components/4.0/plexus-components-4.0.pom
2024-06-20 17:00:41,251 [Worker-3: Building] INFO  o.e.m.c.i.e.AbstractTransferListenerAdapter - Downloaded https://repo.maven.apache.org/maven2/org/codehaus/plexus/plexus-components/4.0/plexus-components-4.0.pom
2024-06-20 17:00:41,290 [Worker-3: Building] INFO  o.e.m.c.i.e.AbstractTransferListenerAdapter - Downloading https://repo.maven.apache.org/maven2/org/codehaus/plexus/plexus-utils/3.0.22/plexus-utils-3.0.22.pom
2024-06-20 17:00:41,318 [Worker-3: Building] INFO  o.e.m.c.i.e.AbstractTransferListenerAdapter - Downloaded https://repo.maven.apache.org/maven2/org/codehaus/plexus/plexus-utils/3.0.22/plexus-utils-3.0.22.pom
2024-06-20 17:00:41,352 [Worker-3: Building] INFO  o.e.m.c.i.e.AbstractTransferListenerAdapter - Downloading https://repo.maven.apache.org/maven2/org/codehaus/plexus/plexus-compiler-manager/2.8.4/plexus-compiler-manager-2.8.4.pom
2024-06-20 17:00:41,389 [Worker-3: Building] INFO  o.e.m.c.i.e.AbstractTransferListenerAdapter - Downloaded https://repo.maven.apache.org/maven2/org/codehaus/plexus/plexus-compiler-manager/2.8.4/plexus-compiler-manager-2.8.4.pom
2024-06-20 17:00:41,425 [Worker-3: Building] INFO  o.e.m.c.i.e.AbstractTransferListenerAdapter - Downloading https://repo.maven.apache.org/maven2/org/codehaus/plexus/plexus-compiler-javac/2.8.4/plexus-compiler-javac-2.8.4.pom
2024-06-20 17:00:41,458 [Worker-3: Building] INFO  o.e.m.c.i.e.AbstractTransferListenerAdapter - Downloaded https://repo.maven.apache.org/maven2/org/codehaus/plexus/plexus-compiler-javac/2.8.4/plexus-compiler-javac-2.8.4.pom
2024-06-20 17:00:41,489 [Worker-3: Building] INFO  o.e.m.c.i.e.AbstractTransferListenerAdapter - Downloading https://repo.maven.apache.org/maven2/org/codehaus/plexus/plexus-compilers/2.8.4/plexus-compilers-2.8.4.pom
2024-06-20 17:00:41,521 [Worker-3: Building] INFO  o.e.m.c.i.e.AbstractTransferListenerAdapter - Downloaded https://repo.maven.apache.org/maven2/org/codehaus/plexus/plexus-compilers/2.8.4/plexus-compilers-2.8.4.pom
2024-06-20 17:00:41,611 [Worker-3: Building] INFO  o.e.m.c.i.e.AbstractTransferListenerAdapter - Downloading https://repo.maven.apache.org/maven2/org/codehaus/plexus/plexus-utils/2.0.4/plexus-utils-2.0.4.jar
2024-06-20 17:00:41,675 [Worker-3: Building] INFO  o.e.m.c.i.e.AbstractTransferListenerAdapter - Downloaded https://repo.maven.apache.org/maven2/org/codehaus/plexus/plexus-utils/2.0.4/plexus-utils-2.0.4.jar
2024-06-20 17:00:41,730 [BasicRepositoryConnector-repo.maven.apache.org-8-0] INFO  o.e.m.c.i.e.AbstractTransferListenerAdapter - Downloading https://repo.maven.apache.org/maven2/org/apache/maven/maven-settings/3.0/maven-settings-3.0.jar
2024-06-20 17:00:41,780 [BasicRepositoryConnector-repo.maven.apache.org-8-4] INFO  o.e.m.c.i.e.AbstractTransferListenerAdapter - Downloading https://repo.maven.apache.org/maven2/commons-io/commons-io/2.5/commons-io-2.5.jar
2024-06-20 17:00:41,781 [BasicRepositoryConnector-repo.maven.apache.org-8-2] INFO  o.e.m.c.i.e.AbstractTransferListenerAdapter - Downloading https://repo.maven.apache.org/maven2/org/codehaus/plexus/plexus-component-annotations/1.7.1/plexus-component-annotations-1.7.1.jar
2024-06-20 17:00:41,782 [BasicRepositoryConnector-repo.maven.apache.org-8-3] INFO  o.e.m.c.i.e.AbstractTransferListenerAdapter - Downloading https://repo.maven.apache.org/maven2/org/apache/maven/shared/maven-shared-utils/3.2.1/maven-shared-utils-3.2.1.jar
2024-06-20 17:00:41,782 [BasicRepositoryConnector-repo.maven.apache.org-8-1] INFO  o.e.m.c.i.e.AbstractTransferListenerAdapter - Downloading https://repo.maven.apache.org/maven2/org/codehaus/plexus/plexus-interpolation/1.14/plexus-interpolation-1.14.jar
2024-06-20 17:00:41,855 [BasicRepositoryConnector-repo.maven.apache.org-8-2] INFO  o.e.m.c.i.e.AbstractTransferListenerAdapter - Downloaded https://repo.maven.apache.org/maven2/org/codehaus/plexus/plexus-component-annotations/1.7.1/plexus-component-annotations-1.7.1.jar
2024-06-20 17:00:41,878 [BasicRepositoryConnector-repo.maven.apache.org-8-2] INFO  o.e.m.c.i.e.AbstractTransferListenerAdapter - Downloading https://repo.maven.apache.org/maven2/org/codehaus/plexus/plexus-java/0.9.10/plexus-java-0.9.10.jar
2024-06-20 17:00:41,895 [BasicRepositoryConnector-repo.maven.apache.org-8-3] INFO  o.e.m.c.i.e.AbstractTransferListenerAdapter - Downloaded https://repo.maven.apache.org/maven2/org/apache/maven/shared/maven-shared-utils/3.2.1/maven-shared-utils-3.2.1.jar
2024-06-20 17:00:41,906 [BasicRepositoryConnector-repo.maven.apache.org-8-4] INFO  o.e.m.c.i.e.AbstractTransferListenerAdapter - Downloaded https://repo.maven.apache.org/maven2/commons-io/commons-io/2.5/commons-io-2.5.jar
2024-06-20 17:00:41,927 [BasicRepositoryConnector-repo.maven.apache.org-8-3] INFO  o.e.m.c.i.e.AbstractTransferListenerAdapter - Downloading https://repo.maven.apache.org/maven2/org/ow2/asm/asm/6.2/asm-6.2.jar
2024-06-20 17:00:41,934 [BasicRepositoryConnector-repo.maven.apache.org-8-1] INFO  o.e.m.c.i.e.AbstractTransferListenerAdapter - Downloaded https://repo.maven.apache.org/maven2/org/codehaus/plexus/plexus-interpolation/1.14/plexus-interpolation-1.14.jar
2024-06-20 17:00:41,937 [BasicRepositoryConnector-repo.maven.apache.org-8-4] INFO  o.e.m.c.i.e.AbstractTransferListenerAdapter - Downloading https://repo.maven.apache.org/maven2/com/thoughtworks/qdox/qdox/2.0-M9/qdox-2.0-M9.jar
2024-06-20 17:00:41,968 [BasicRepositoryConnector-repo.maven.apache.org-8-1] INFO  o.e.m.c.i.e.AbstractTransferListenerAdapter - Downloading https://repo.maven.apache.org/maven2/org/codehaus/plexus/plexus-compiler-api/2.8.4/plexus-compiler-api-2.8.4.jar
2024-06-20 17:00:42,027 [BasicRepositoryConnector-repo.maven.apache.org-8-4] INFO  o.e.m.c.i.e.AbstractTransferListenerAdapter - Downloaded https://repo.maven.apache.org/maven2/com/thoughtworks/qdox/qdox/2.0-M9/qdox-2.0-M9.jar
2024-06-20 17:00:42,041 [BasicRepositoryConnector-repo.maven.apache.org-8-3] INFO  o.e.m.c.i.e.AbstractTransferListenerAdapter - Downloaded https://repo.maven.apache.org/maven2/org/ow2/asm/asm/6.2/asm-6.2.jar
2024-06-20 17:00:42,051 [BasicRepositoryConnector-repo.maven.apache.org-8-4] INFO  o.e.m.c.i.e.AbstractTransferListenerAdapter - Downloading https://repo.maven.apache.org/maven2/org/codehaus/plexus/plexus-compiler-manager/2.8.4/plexus-compiler-manager-2.8.4.jar
2024-06-20 17:00:42,070 [BasicRepositoryConnector-repo.maven.apache.org-8-3] INFO  o.e.m.c.i.e.AbstractTransferListenerAdapter - Downloading https://repo.maven.apache.org/maven2/org/codehaus/plexus/plexus-compiler-javac/2.8.4/plexus-compiler-javac-2.8.4.jar
2024-06-20 17:00:42,284 [BasicRepositoryConnector-repo.maven.apache.org-8-4] INFO  o.e.m.c.i.e.AbstractTransferListenerAdapter - Downloaded https://repo.maven.apache.org/maven2/org/codehaus/plexus/plexus-compiler-manager/2.8.4/plexus-compiler-manager-2.8.4.jar
2024-06-20 17:00:42,426 [BasicRepositoryConnector-repo.maven.apache.org-8-3] INFO  o.e.m.c.i.e.AbstractTransferListenerAdapter - Downloaded https://repo.maven.apache.org/maven2/org/codehaus/plexus/plexus-compiler-javac/2.8.4/plexus-compiler-javac-2.8.4.jar
2024-06-20 17:00:42,502 [BasicRepositoryConnector-repo.maven.apache.org-8-0] INFO  o.e.m.c.i.e.AbstractTransferListenerAdapter - Downloaded https://repo.maven.apache.org/maven2/org/apache/maven/maven-settings/3.0/maven-settings-3.0.jar
2024-06-20 17:00:42,800 [BasicRepositoryConnector-repo.maven.apache.org-8-1] INFO  o.e.m.c.i.e.AbstractTransferListenerAdapter - Downloaded https://repo.maven.apache.org/maven2/org/codehaus/plexus/plexus-compiler-api/2.8.4/plexus-compiler-api-2.8.4.jar
2024-06-20 17:00:42,901 [BasicRepositoryConnector-repo.maven.apache.org-8-2] INFO  o.e.m.c.i.e.AbstractTransferListenerAdapter - Downloaded https://repo.maven.apache.org/maven2/org/codehaus/plexus/plexus-java/0.9.10/plexus-java-0.9.10.jar
2024-06-20 17:00:43,315 [Worker-3: Building] INFO  o.e.m.c.i.l.LifecycleMappingFactory - Using org.eclipse.m2e.jdt.JarLifecycleMapping lifecycle mapping for MavenProject: com.mail:SpringBoot_Mail:0.0.1-SNAPSHOT @ C:\Users\HP\OneDrive\Desktop\java\SpringBoot_Mail\pom.xml.
2024-06-20 17:00:43,354 [Worker-3: Building] INFO  o.e.m.c.i.e.AbstractTransferListenerAdapter - Downloading https://repo.maven.apache.org/maven2/org/springframework/boot/spring-boot-starter-web/2.6.6/spring-boot-starter-web-2.6.6.pom
2024-06-20 17:00:43,381 [Worker-3: Building] INFO  o.e.m.c.i.e.AbstractTransferListenerAdapter - Downloaded https://repo.maven.apache.org/maven2/org/springframework/boot/spring-boot-starter-web/2.6.6/spring-boot-starter-web-2.6.6.pom
2024-06-20 17:00:43,409 [Worker-3: Building] INFO  o.e.m.c.i.e.AbstractTransferListenerAdapter - Downloading https://repo.maven.apache.org/maven2/org/springframework/boot/spring-boot-starter/2.6.6/spring-boot-starter-2.6.6.pom
2024-06-20 17:00:43,436 [Worker-3: Building] INFO  o.e.m.c.i.e.AbstractTransferListenerAdapter - Downloaded https://repo.maven.apache.org/maven2/org/springframework/boot/spring-boot-starter/2.6.6/spring-boot-starter-2.6.6.pom
2024-06-20 17:00:43,465 [Worker-3: Building] INFO  o.e.m.c.i.e.AbstractTransferListenerAdapter - Downloading https://repo.maven.apache.org/maven2/org/springframework/boot/spring-boot/2.6.6/spring-boot-2.6.6.pom
2024-06-20 17:00:43,496 [Worker-3: Building] INFO  o.e.m.c.i.e.AbstractTransferListenerAdapter - Downloaded https://repo.maven.apache.org/maven2/org/springframework/boot/spring-boot/2.6.6/spring-boot-2.6.6.pom
2024-06-20 17:00:43,519 [Worker-3: Building] INFO  o.e.m.c.i.e.AbstractTransferListenerAdapter - Downloading https://repo.maven.apache.org/maven2/org/springframework/spring-core/5.3.18/spring-core-5.3.18.pom
2024-06-20 17:00:43,553 [Worker-3: Building] INFO  o.e.m.c.i.e.AbstractTransferListenerAdapter - Downloaded https://repo.maven.apache.org/maven2/org/springframework/spring-core/5.3.18/spring-core-5.3.18.pom
2024-06-20 17:00:43,581 [Worker-3: Building] INFO  o.e.m.c.i.e.AbstractTransferListenerAdapter - Downloading https://repo.maven.apache.org/maven2/org/springframework/spring-jcl/5.3.18/spring-jcl-5.3.18.pom
2024-06-20 17:00:43,614 [Worker-3: Building] INFO  o.e.m.c.i.e.AbstractTransferListenerAdapter - Downloaded https://repo.maven.apache.org/maven2/org/springframework/spring-jcl/5.3.18/spring-jcl-5.3.18.pom
2024-06-20 17:00:43,659 [Worker-3: Building] INFO  o.e.m.c.i.e.AbstractTransferListenerAdapter - Downloading https://repo.maven.apache.org/maven2/org/springframework/spring-context/5.3.18/spring-context-5.3.18.pom
2024-06-20 17:00:43,688 [Worker-3: Building] INFO  o.e.m.c.i.e.AbstractTransferListenerAdapter - Downloaded https://repo.maven.apache.org/maven2/org/springframework/spring-context/5.3.18/spring-context-5.3.18.pom
2024-06-20 17:00:43,728 [Worker-3: Building] INFO  o.e.m.c.i.e.AbstractTransferListenerAdapter - Downloading https://repo.maven.apache.org/maven2/org/springframework/spring-aop/5.3.18/spring-aop-5.3.18.pom
2024-06-20 17:00:43,758 [Worker-3: Building] INFO  o.e.m.c.i.e.AbstractTransferListenerAdapter - Downloaded https://repo.maven.apache.org/maven2/org/springframework/spring-aop/5.3.18/spring-aop-5.3.18.pom
2024-06-20 17:00:43,786 [Worker-3: Building] INFO  o.e.m.c.i.e.AbstractTransferListenerAdapter - Downloading https://repo.maven.apache.org/maven2/org/springframework/spring-beans/5.3.18/spring-beans-5.3.18.pom
2024-06-20 17:00:43,813 [Worker-3: Building] INFO  o.e.m.c.i.e.AbstractTransferListenerAdapter - Downloaded https://repo.maven.apache.org/maven2/org/springframework/spring-beans/5.3.18/spring-beans-5.3.18.pom
2024-06-20 17:00:43,838 [Worker-3: Building] INFO  o.e.m.c.i.e.AbstractTransferListenerAdapter - Downloading https://repo.maven.apache.org/maven2/org/springframework/spring-expression/5.3.18/spring-expression-5.3.18.pom
2024-06-20 17:00:43,869 [Worker-3: Building] INFO  o.e.m.c.i.e.AbstractTransferListenerAdapter - Downloaded https://repo.maven.apache.org/maven2/org/springframework/spring-expression/5.3.18/spring-expression-5.3.18.pom
2024-06-20 17:00:43,893 [Worker-3: Building] INFO  o.e.m.c.i.e.AbstractTransferListenerAdapter - Downloading https://repo.maven.apache.org/maven2/org/springframework/boot/spring-boot-autoconfigure/2.6.6/spring-boot-autoconfigure-2.6.6.pom
2024-06-20 17:00:43,918 [Worker-3: Building] INFO  o.e.m.c.i.e.AbstractTransferListenerAdapter - Downloaded https://repo.maven.apache.org/maven2/org/springframework/boot/spring-boot-autoconfigure/2.6.6/spring-boot-autoconfigure-2.6.6.pom
2024-06-20 17:00:43,944 [Worker-3: Building] INFO  o.e.m.c.i.e.AbstractTransferListenerAdapter - Downloading https://repo.maven.apache.org/maven2/org/springframework/boot/spring-boot-starter-logging/2.6.6/spring-boot-starter-logging-2.6.6.pom
2024-06-20 17:00:43,971 [Worker-3: Building] INFO  o.e.m.c.i.e.AbstractTransferListenerAdapter - Downloaded https://repo.maven.apache.org/maven2/org/springframework/boot/spring-boot-starter-logging/2.6.6/spring-boot-starter-logging-2.6.6.pom
2024-06-20 17:00:44,001 [Worker-3: Building] INFO  o.e.m.c.i.e.AbstractTransferListenerAdapter - Downloading https://repo.maven.apache.org/maven2/ch/qos/logback/logback-classic/1.2.11/logback-classic-1.2.11.pom
2024-06-20 17:00:44,033 [Worker-3: Building] INFO  o.e.m.c.i.e.AbstractTransferListenerAdapter - Downloaded https://repo.maven.apache.org/maven2/ch/qos/logback/logback-classic/1.2.11/logback-classic-1.2.11.pom
2024-06-20 17:00:44,073 [Worker-3: Building] INFO  o.e.m.c.i.e.AbstractTransferListenerAdapter - Downloading https://repo.maven.apache.org/maven2/ch/qos/logback/logback-parent/1.2.11/logback-parent-1.2.11.pom
2024-06-20 17:00:44,111 [Worker-3: Building] INFO  o.e.m.c.i.e.AbstractTransferListenerAdapter - Downloaded https://repo.maven.apache.org/maven2/ch/qos/logback/logback-parent/1.2.11/logback-parent-1.2.11.pom
2024-06-20 17:00:44,165 [Worker-3: Building] INFO  o.e.m.c.i.e.AbstractTransferListenerAdapter - Downloading https://repo.maven.apache.org/maven2/ch/qos/logback/logback-core/1.2.11/logback-core-1.2.11.pom
2024-06-20 17:00:44,204 [Worker-3: Building] INFO  o.e.m.c.i.e.AbstractTransferListenerAdapter - Downloaded https://repo.maven.apache.org/maven2/ch/qos/logback/logback-core/1.2.11/logback-core-1.2.11.pom
2024-06-20 17:00:44,247 [Worker-3: Building] INFO  o.e.m.c.i.e.AbstractTransferListenerAdapter - Downloading https://repo.maven.apache.org/maven2/org/apache/logging/log4j/log4j-to-slf4j/2.17.2/log4j-to-slf4j-2.17.2.pom
2024-06-20 17:00:44,278 [Worker-3: Building] INFO  o.e.m.c.i.e.AbstractTransferListenerAdapter - Downloaded https://repo.maven.apache.org/maven2/org/apache/logging/log4j/log4j-to-slf4j/2.17.2/log4j-to-slf4j-2.17.2.pom
2024-06-20 17:00:44,314 [Worker-3: Building] INFO  o.e.m.c.i.e.AbstractTransferListenerAdapter - Downloading https://repo.maven.apache.org/maven2/org/apache/logging/log4j/log4j/2.17.2/log4j-2.17.2.pom
2024-06-20 17:00:44,356 [Worker-3: Building] INFO  o.e.m.c.i.e.AbstractTransferListenerAdapter - Downloaded https://repo.maven.apache.org/maven2/org/apache/logging/log4j/log4j/2.17.2/log4j-2.17.2.pom
2024-06-20 17:00:44,411 [Worker-3: Building] INFO  o.e.m.c.i.e.AbstractTransferListenerAdapter - Downloading https://repo.maven.apache.org/maven2/org/apache/logging/log4j/log4j-api/2.17.2/log4j-api-2.17.2.pom
2024-06-20 17:00:44,445 [Worker-3: Building] INFO  o.e.m.c.i.e.AbstractTransferListenerAdapter - Downloaded https://repo.maven.apache.org/maven2/org/apache/logging/log4j/log4j-api/2.17.2/log4j-api-2.17.2.pom
2024-06-20 17:00:44,515 [Worker-3: Building] INFO  o.e.m.c.i.e.AbstractTransferListenerAdapter - Downloading https://repo.maven.apache.org/maven2/org/slf4j/jul-to-slf4j/1.7.36/jul-to-slf4j-1.7.36.pom
2024-06-20 17:00:44,551 [Worker-3: Building] INFO  o.e.m.c.i.e.AbstractTransferListenerAdapter - Downloaded https://repo.maven.apache.org/maven2/org/slf4j/jul-to-slf4j/1.7.36/jul-to-slf4j-1.7.36.pom
2024-06-20 17:00:44,681 [Worker-3: Building] INFO  o.e.m.c.i.e.AbstractTransferListenerAdapter - Downloading https://repo.maven.apache.org/maven2/jakarta/annotation/jakarta.annotation-api/1.3.5/jakarta.annotation-api-1.3.5.pom
2024-06-20 17:00:44,727 [Worker-3: Building] INFO  o.e.m.c.i.e.AbstractTransferListenerAdapter - Downloaded https://repo.maven.apache.org/maven2/jakarta/annotation/jakarta.annotation-api/1.3.5/jakarta.annotation-api-1.3.5.pom
2024-06-20 17:00:44,814 [Worker-3: Building] INFO  o.e.m.c.i.e.AbstractTransferListenerAdapter - Downloading https://repo.maven.apache.org/maven2/jakarta/annotation/ca-parent/1.3.5/ca-parent-1.3.5.pom
2024-06-20 17:00:44,850 [Worker-3: Building] INFO  o.e.m.c.i.e.AbstractTransferListenerAdapter - Downloaded https://repo.maven.apache.org/maven2/jakarta/annotation/ca-parent/1.3.5/ca-parent-1.3.5.pom
2024-06-20 17:00:45,242 [Worker-3: Building] INFO  o.e.m.c.i.e.AbstractTransferListenerAdapter - Downloading https://repo.maven.apache.org/maven2/org/eclipse/ee4j/project/1.0.5/project-1.0.5.pom
2024-06-20 17:00:45,289 [Worker-3: Building] INFO  o.e.m.c.i.e.AbstractTransferListenerAdapter - Downloaded https://repo.maven.apache.org/maven2/org/eclipse/ee4j/project/1.0.5/project-1.0.5.pom
2024-06-20 17:00:45,533 [Worker-3: Building] INFO  o.e.m.c.i.e.AbstractTransferListenerAdapter - Downloading https://repo.maven.apache.org/maven2/org/yaml/snakeyaml/1.29/snakeyaml-1.29.pom
2024-06-20 17:00:45,578 [Worker-3: Building] INFO  o.e.m.c.i.e.AbstractTransferListenerAdapter - Downloaded https://repo.maven.apache.org/maven2/org/yaml/snakeyaml/1.29/snakeyaml-1.29.pom
2024-06-20 17:00:46,201 [Worker-3: Building] INFO  o.e.m.c.i.e.AbstractTransferListenerAdapter - Downloading https://repo.maven.apache.org/maven2/org/springframework/boot/spring-boot-starter-json/2.6.6/spring-boot-starter-json-2.6.6.pom
2024-06-20 17:00:46,246 [Worker-3: Building] INFO  o.e.m.c.i.e.AbstractTransferListenerAdapter - Downloaded https://repo.maven.apache.org/maven2/org/springframework/boot/spring-boot-starter-json/2.6.6/spring-boot-starter-json-2.6.6.pom
2024-06-20 17:00:46,477 [Worker-3: Building] INFO  o.e.m.c.i.e.AbstractTransferListenerAdapter - Downloading https://repo.maven.apache.org/maven2/org/springframework/spring-web/5.3.18/spring-web-5.3.18.pom
2024-06-20 17:00:46,516 [Worker-3: Building] INFO  o.e.m.c.i.e.AbstractTransferListenerAdapter - Downloaded https://repo.maven.apache.org/maven2/org/springframework/spring-web/5.3.18/spring-web-5.3.18.pom
2024-06-20 17:00:46,571 [Worker-3: Building] INFO  o.e.m.c.i.e.AbstractTransferListenerAdapter - Downloading https://repo.maven.apache.org/maven2/com/fasterxml/jackson/core/jackson-databind/2.13.2.2/jackson-databind-2.13.2.2.pom
2024-06-20 17:00:46,612 [Worker-3: Building] INFO  o.e.m.c.i.e.AbstractTransferListenerAdapter - Downloaded https://repo.maven.apache.org/maven2/com/fasterxml/jackson/core/jackson-databind/2.13.2.2/jackson-databind-2.13.2.2.pom
2024-06-20 17:00:46,758 [Worker-3: Building] INFO  o.e.m.c.i.e.AbstractTransferListenerAdapter - Downloading https://repo.maven.apache.org/maven2/com/fasterxml/jackson/jackson-base/2.13.2/jackson-base-2.13.2.pom
2024-06-20 17:00:46,790 [Worker-3: Building] INFO  o.e.m.c.i.e.AbstractTransferListenerAdapter - Downloaded https://repo.maven.apache.org/maven2/com/fasterxml/jackson/jackson-base/2.13.2/jackson-base-2.13.2.pom
2024-06-20 17:00:46,917 [Worker-3: Building] INFO  o.e.m.c.i.e.AbstractTransferListenerAdapter - Downloading https://repo.maven.apache.org/maven2/com/fasterxml/jackson/jackson-bom/2.13.2/jackson-bom-2.13.2.pom
2024-06-20 17:00:46,962 [Worker-3: Building] INFO  o.e.m.c.i.e.AbstractTransferListenerAdapter - Downloaded https://repo.maven.apache.org/maven2/com/fasterxml/jackson/jackson-bom/2.13.2/jackson-bom-2.13.2.pom
2024-06-20 17:00:47,358 [Worker-3: Building] INFO  o.e.m.c.i.e.AbstractTransferListenerAdapter - Downloading https://repo.maven.apache.org/maven2/com/fasterxml/jackson/core/jackson-annotations/2.13.2/jackson-annotations-2.13.2.pom
2024-06-20 17:00:47,400 [Worker-3: Building] INFO  o.e.m.c.i.e.AbstractTransferListenerAdapter - Downloaded https://repo.maven.apache.org/maven2/com/fasterxml/jackson/core/jackson-annotations/2.13.2/jackson-annotations-2.13.2.pom
2024-06-20 17:00:47,828 [Worker-3: Building] INFO  o.e.m.c.i.e.AbstractTransferListenerAdapter - Downloading https://repo.maven.apache.org/maven2/com/fasterxml/jackson/core/jackson-core/2.13.2/jackson-core-2.13.2.pom
2024-06-20 17:00:47,899 [Worker-3: Building] INFO  o.e.m.c.i.e.AbstractTransferListenerAdapter - Downloaded https://repo.maven.apache.org/maven2/com/fasterxml/jackson/core/jackson-core/2.13.2/jackson-core-2.13.2.pom
2024-06-20 17:00:47,969 [Worker-3: Building] INFO  o.e.m.c.i.e.AbstractTransferListenerAdapter - Downloading https://repo.maven.apache.org/maven2/com/fasterxml/jackson/datatype/jackson-datatype-jdk8/2.13.2/jackson-datatype-jdk8-2.13.2.pom
2024-06-20 17:00:48,002 [Worker-3: Building] INFO  o.e.m.c.i.e.AbstractTransferListenerAdapter - Downloaded https://repo.maven.apache.org/maven2/com/fasterxml/jackson/datatype/jackson-datatype-jdk8/2.13.2/jackson-datatype-jdk8-2.13.2.pom
2024-06-20 17:00:48,030 [Worker-3: Building] INFO  o.e.m.c.i.e.AbstractTransferListenerAdapter - Downloading https://repo.maven.apache.org/maven2/com/fasterxml/jackson/module/jackson-modules-java8/2.13.2/jackson-modules-java8-2.13.2.pom
2024-06-20 17:00:48,066 [Worker-3: Building] INFO  o.e.m.c.i.e.AbstractTransferListenerAdapter - Downloaded https://repo.maven.apache.org/maven2/com/fasterxml/jackson/module/jackson-modules-java8/2.13.2/jackson-modules-java8-2.13.2.pom
2024-06-20 17:00:48,167 [Worker-3: Building] INFO  o.e.m.c.i.e.AbstractTransferListenerAdapter - Downloading https://repo.maven.apache.org/maven2/com/fasterxml/jackson/datatype/jackson-datatype-jsr310/2.13.2/jackson-datatype-jsr310-2.13.2.pom
2024-06-20 17:00:48,245 [Worker-3: Building] INFO  o.e.m.c.i.e.AbstractTransferListenerAdapter - Downloaded https://repo.maven.apache.org/maven2/com/fasterxml/jackson/datatype/jackson-datatype-jsr310/2.13.2/jackson-datatype-jsr310-2.13.2.pom
2024-06-20 17:00:48,280 [Worker-3: Building] INFO  o.e.m.c.i.e.AbstractTransferListenerAdapter - Downloading https://repo.maven.apache.org/maven2/com/fasterxml/jackson/module/jackson-module-parameter-names/2.13.2/jackson-module-parameter-names-2.13.2.pom
2024-06-20 17:00:48,311 [Worker-3: Building] INFO  o.e.m.c.i.e.AbstractTransferListenerAdapter - Downloaded https://repo.maven.apache.org/maven2/com/fasterxml/jackson/module/jackson-module-parameter-names/2.13.2/jackson-module-parameter-names-2.13.2.pom
2024-06-20 17:00:48,425 [Worker-3: Building] INFO  o.e.m.c.i.e.AbstractTransferListenerAdapter - Downloading https://repo.maven.apache.org/maven2/org/springframework/boot/spring-boot-starter-tomcat/2.6.6/spring-boot-starter-tomcat-2.6.6.pom
2024-06-20 17:00:48,462 [Worker-3: Building] INFO  o.e.m.c.i.e.AbstractTransferListenerAdapter - Downloaded https://repo.maven.apache.org/maven2/org/springframework/boot/spring-boot-starter-tomcat/2.6.6/spring-boot-starter-tomcat-2.6.6.pom
2024-06-20 17:00:48,497 [Worker-3: Building] INFO  o.e.m.c.i.e.AbstractTransferListenerAdapter - Downloading https://repo.maven.apache.org/maven2/org/apache/tomcat/embed/tomcat-embed-core/9.0.60/tomcat-embed-core-9.0.60.pom
2024-06-20 17:00:48,528 [Worker-3: Building] INFO  o.e.m.c.i.e.AbstractTransferListenerAdapter - Downloaded https://repo.maven.apache.org/maven2/org/apache/tomcat/embed/tomcat-embed-core/9.0.60/tomcat-embed-core-9.0.60.pom
2024-06-20 17:00:48,574 [Worker-3: Building] INFO  o.e.m.c.i.e.AbstractTransferListenerAdapter - Downloading https://repo.maven.apache.org/maven2/org/apache/tomcat/embed/tomcat-embed-el/9.0.60/tomcat-embed-el-9.0.60.pom
2024-06-20 17:00:48,602 [Worker-3: Building] INFO  o.e.m.c.i.e.AbstractTransferListenerAdapter - Downloaded https://repo.maven.apache.org/maven2/org/apache/tomcat/embed/tomcat-embed-el/9.0.60/tomcat-embed-el-9.0.60.pom
2024-06-20 17:00:48,751 [Worker-3: Building] INFO  o.e.m.c.i.e.AbstractTransferListenerAdapter - Downloading https://repo.maven.apache.org/maven2/org/apache/tomcat/embed/tomcat-embed-websocket/9.0.60/tomcat-embed-websocket-9.0.60.pom
2024-06-20 17:00:48,780 [Worker-3: Building] INFO  o.e.m.c.i.e.AbstractTransferListenerAdapter - Downloaded https://repo.maven.apache.org/maven2/org/apache/tomcat/embed/tomcat-embed-websocket/9.0.60/tomcat-embed-websocket-9.0.60.pom
2024-06-20 17:00:48,821 [Worker-3: Building] INFO  o.e.m.c.i.e.AbstractTransferListenerAdapter - Downloading https://repo.maven.apache.org/maven2/org/springframework/spring-webmvc/5.3.18/spring-webmvc-5.3.18.pom
2024-06-20 17:00:48,847 [Worker-3: Building] INFO  o.e.m.c.i.e.AbstractTransferListenerAdapter - Downloaded https://repo.maven.apache.org/maven2/org/springframework/spring-webmvc/5.3.18/spring-webmvc-5.3.18.pom
2024-06-20 17:00:49,479 [Worker-3: Building] INFO  o.e.m.c.i.e.AbstractTransferListenerAdapter - Downloading https://repo.maven.apache.org/maven2/org/springframework/boot/spring-boot-starter-mail/2.6.6/spring-boot-starter-mail-2.6.6.pom
2024-06-20 17:00:49,513 [Worker-3: Building] INFO  o.e.m.c.i.e.AbstractTransferListenerAdapter - Downloaded https://repo.maven.apache.org/maven2/org/springframework/boot/spring-boot-starter-mail/2.6.6/spring-boot-starter-mail-2.6.6.pom
2024-06-20 17:00:49,787 [Worker-3: Building] INFO  o.e.m.c.i.e.AbstractTransferListenerAdapter - Downloading https://repo.maven.apache.org/maven2/org/springframework/spring-context-support/5.3.18/spring-context-support-5.3.18.pom
2024-06-20 17:00:49,820 [Worker-3: Building] INFO  o.e.m.c.i.e.AbstractTransferListenerAdapter - Downloaded https://repo.maven.apache.org/maven2/org/springframework/spring-context-support/5.3.18/spring-context-support-5.3.18.pom
2024-06-20 17:00:50,135 [Worker-3: Building] INFO  o.e.m.c.i.e.AbstractTransferListenerAdapter - Downloading https://repo.maven.apache.org/maven2/com/sun/mail/jakarta.mail/1.6.7/jakarta.mail-1.6.7.pom
2024-06-20 17:00:50,171 [Worker-3: Building] INFO  o.e.m.c.i.e.AbstractTransferListenerAdapter - Downloaded https://repo.maven.apache.org/maven2/com/sun/mail/jakarta.mail/1.6.7/jakarta.mail-1.6.7.pom
2024-06-20 17:00:50,382 [Worker-3: Building] INFO  o.e.m.c.i.e.AbstractTransferListenerAdapter - Downloading https://repo.maven.apache.org/maven2/com/sun/mail/all/1.6.7/all-1.6.7.pom
2024-06-20 17:00:50,422 [Worker-3: Building] INFO  o.e.m.c.i.e.AbstractTransferListenerAdapter - Downloaded https://repo.maven.apache.org/maven2/com/sun/mail/all/1.6.7/all-1.6.7.pom
2024-06-20 17:00:50,466 [Worker-3: Building] INFO  o.e.m.c.i.e.AbstractTransferListenerAdapter - Downloading https://repo.maven.apache.org/maven2/com/sun/activation/jakarta.activation/1.2.2/jakarta.activation-1.2.2.pom
2024-06-20 17:00:50,503 [Worker-3: Building] INFO  o.e.m.c.i.e.AbstractTransferListenerAdapter - Downloaded https://repo.maven.apache.org/maven2/com/sun/activation/jakarta.activation/1.2.2/jakarta.activation-1.2.2.pom
2024-06-20 17:00:50,758 [Worker-3: Building] INFO  o.e.m.c.i.e.AbstractTransferListenerAdapter - Downloading https://repo.maven.apache.org/maven2/com/sun/activation/all/1.2.2/all-1.2.2.pom
2024-06-20 17:00:50,797 [Worker-3: Building] INFO  o.e.m.c.i.e.AbstractTransferListenerAdapter - Downloaded https://repo.maven.apache.org/maven2/com/sun/activation/all/1.2.2/all-1.2.2.pom
2024-06-20 17:00:51,018 [Worker-3: Building] INFO  o.e.m.c.i.e.AbstractTransferListenerAdapter - Downloading https://repo.maven.apache.org/maven2/org/springframework/boot/spring-boot-devtools/2.6.6/spring-boot-devtools-2.6.6.pom
2024-06-20 17:00:51,061 [Worker-3: Building] INFO  o.e.m.c.i.e.AbstractTransferListenerAdapter - Downloaded https://repo.maven.apache.org/maven2/org/springframework/boot/spring-boot-devtools/2.6.6/spring-boot-devtools-2.6.6.pom
2024-06-20 17:00:51,367 [Worker-3: Building] INFO  o.e.m.c.i.e.AbstractTransferListenerAdapter - Downloading https://repo.maven.apache.org/maven2/org/springframework/boot/spring-boot-starter-web/2.6.6/spring-boot-starter-web-2.6.6.jar
2024-06-20 17:00:51,442 [Worker-3: Building] INFO  o.e.m.c.i.e.AbstractTransferListenerAdapter - Downloaded https://repo.maven.apache.org/maven2/org/springframework/boot/spring-boot-starter-web/2.6.6/spring-boot-starter-web-2.6.6.jar
2024-06-20 17:00:51,653 [BasicRepositoryConnector-repo.maven.apache.org-9-0] INFO  o.e.m.c.i.e.AbstractTransferListenerAdapter - Downloading https://repo.maven.apache.org/maven2/org/springframework/boot/spring-boot-starter/2.6.6/spring-boot-starter-2.6.6.jar
2024-06-20 17:00:51,654 [BasicRepositoryConnector-repo.maven.apache.org-9-4] INFO  o.e.m.c.i.e.AbstractTransferListenerAdapter - Downloading https://repo.maven.apache.org/maven2/org/apache/logging/log4j/log4j-to-slf4j/2.17.2/log4j-to-slf4j-2.17.2.jar
2024-06-20 17:00:51,654 [BasicRepositoryConnector-repo.maven.apache.org-9-1] INFO  o.e.m.c.i.e.AbstractTransferListenerAdapter - Downloading https://repo.maven.apache.org/maven2/org/springframework/boot/spring-boot-starter-logging/2.6.6/spring-boot-starter-logging-2.6.6.jar
2024-06-20 17:00:51,654 [BasicRepositoryConnector-repo.maven.apache.org-9-3] INFO  o.e.m.c.i.e.AbstractTransferListenerAdapter - Downloading https://repo.maven.apache.org/maven2/ch/qos/logback/logback-core/1.2.11/logback-core-1.2.11.jar
2024-06-20 17:00:51,658 [BasicRepositoryConnector-repo.maven.apache.org-9-2] INFO  o.e.m.c.i.e.AbstractTransferListenerAdapter - Downloading https://repo.maven.apache.org/maven2/ch/qos/logback/logback-classic/1.2.11/logback-classic-1.2.11.jar
2024-06-20 17:00:51,758 [BasicRepositoryConnector-repo.maven.apache.org-9-2] INFO  o.e.m.c.i.e.AbstractTransferListenerAdapter - Downloaded https://repo.maven.apache.org/maven2/ch/qos/logback/logback-classic/1.2.11/logback-classic-1.2.11.jar
2024-06-20 17:00:51,770 [BasicRepositoryConnector-repo.maven.apache.org-9-0] INFO  o.e.m.c.i.e.AbstractTransferListenerAdapter - Downloaded https://repo.maven.apache.org/maven2/org/springframework/boot/spring-boot-starter/2.6.6/spring-boot-starter-2.6.6.jar
2024-06-20 17:00:51,800 [BasicRepositoryConnector-repo.maven.apache.org-9-1] INFO  o.e.m.c.i.e.AbstractTransferListenerAdapter - Downloaded https://repo.maven.apache.org/maven2/org/springframework/boot/spring-boot-starter-logging/2.6.6/spring-boot-starter-logging-2.6.6.jar
2024-06-20 17:00:51,803 [BasicRepositoryConnector-repo.maven.apache.org-9-2] INFO  o.e.m.c.i.e.AbstractTransferListenerAdapter - Downloading https://repo.maven.apache.org/maven2/org/apache/logging/log4j/log4j-api/2.17.2/log4j-api-2.17.2.jar
2024-06-20 17:00:51,818 [BasicRepositoryConnector-repo.maven.apache.org-9-0] INFO  o.e.m.c.i.e.AbstractTransferListenerAdapter - Downloading https://repo.maven.apache.org/maven2/org/slf4j/jul-to-slf4j/1.7.36/jul-to-slf4j-1.7.36.jar
2024-06-20 17:00:51,834 [BasicRepositoryConnector-repo.maven.apache.org-9-1] INFO  o.e.m.c.i.e.AbstractTransferListenerAdapter - Downloading https://repo.maven.apache.org/maven2/jakarta/annotation/jakarta.annotation-api/1.3.5/jakarta.annotation-api-1.3.5.jar
2024-06-20 17:00:51,915 [BasicRepositoryConnector-repo.maven.apache.org-9-3] INFO  o.e.m.c.i.e.AbstractTransferListenerAdapter - Downloaded https://repo.maven.apache.org/maven2/ch/qos/logback/logback-core/1.2.11/logback-core-1.2.11.jar
2024-06-20 17:00:51,948 [BasicRepositoryConnector-repo.maven.apache.org-9-2] INFO  o.e.m.c.i.e.AbstractTransferListenerAdapter - Downloaded https://repo.maven.apache.org/maven2/org/apache/logging/log4j/log4j-api/2.17.2/log4j-api-2.17.2.jar
2024-06-20 17:00:51,982 [BasicRepositoryConnector-repo.maven.apache.org-9-3] INFO  o.e.m.c.i.e.AbstractTransferListenerAdapter - Downloading https://repo.maven.apache.org/maven2/org/springframework/spring-core/5.3.18/spring-core-5.3.18.jar
2024-06-20 17:00:51,982 [BasicRepositoryConnector-repo.maven.apache.org-9-2] INFO  o.e.m.c.i.e.AbstractTransferListenerAdapter - Downloading https://repo.maven.apache.org/maven2/org/springframework/spring-jcl/5.3.18/spring-jcl-5.3.18.jar
2024-06-20 17:00:52,018 [BasicRepositoryConnector-repo.maven.apache.org-9-0] INFO  o.e.m.c.i.e.AbstractTransferListenerAdapter - Downloaded https://repo.maven.apache.org/maven2/org/slf4j/jul-to-slf4j/1.7.36/jul-to-slf4j-1.7.36.jar
2024-06-20 17:00:52,074 [BasicRepositoryConnector-repo.maven.apache.org-9-4] INFO  o.e.m.c.i.e.AbstractTransferListenerAdapter - Downloaded https://repo.maven.apache.org/maven2/org/apache/logging/log4j/log4j-to-slf4j/2.17.2/log4j-to-slf4j-2.17.2.jar
2024-06-20 17:00:52,243 [BasicRepositoryConnector-repo.maven.apache.org-9-4] INFO  o.e.m.c.i.e.AbstractTransferListenerAdapter - Downloading https://repo.maven.apache.org/maven2/org/springframework/boot/spring-boot-starter-json/2.6.6/spring-boot-starter-json-2.6.6.jar
2024-06-20 17:00:52,243 [BasicRepositoryConnector-repo.maven.apache.org-9-0] INFO  o.e.m.c.i.e.AbstractTransferListenerAdapter - Downloading https://repo.maven.apache.org/maven2/org/yaml/snakeyaml/1.29/snakeyaml-1.29.jar
2024-06-20 17:00:52,319 [BasicRepositoryConnector-repo.maven.apache.org-9-0] INFO  o.e.m.c.i.e.AbstractTransferListenerAdapter - Downloaded https://repo.maven.apache.org/maven2/org/yaml/snakeyaml/1.29/snakeyaml-1.29.jar
2024-06-20 17:00:52,330 [BasicRepositoryConnector-repo.maven.apache.org-9-1] INFO  o.e.m.c.i.e.AbstractTransferListenerAdapter - Downloaded https://repo.maven.apache.org/maven2/jakarta/annotation/jakarta.annotation-api/1.3.5/jakarta.annotation-api-1.3.5.jar
2024-06-20 17:00:52,352 [BasicRepositoryConnector-repo.maven.apache.org-9-0] INFO  o.e.m.c.i.e.AbstractTransferListenerAdapter - Downloading https://repo.maven.apache.org/maven2/com/fasterxml/jackson/core/jackson-databind/2.13.2.2/jackson-databind-2.13.2.2.jar
2024-06-20 17:00:52,364 [BasicRepositoryConnector-repo.maven.apache.org-9-1] INFO  o.e.m.c.i.e.AbstractTransferListenerAdapter - Downloading https://repo.maven.apache.org/maven2/com/fasterxml/jackson/core/jackson-annotations/2.13.2/jackson-annotations-2.13.2.jar
2024-06-20 17:00:52,391 [BasicRepositoryConnector-repo.maven.apache.org-9-3] INFO  o.e.m.c.i.e.AbstractTransferListenerAdapter - Downloaded https://repo.maven.apache.org/maven2/org/springframework/spring-core/5.3.18/spring-core-5.3.18.jar
2024-06-20 17:00:52,485 [BasicRepositoryConnector-repo.maven.apache.org-9-3] INFO  o.e.m.c.i.e.AbstractTransferListenerAdapter - Downloading https://repo.maven.apache.org/maven2/com/fasterxml/jackson/core/jackson-core/2.13.2/jackson-core-2.13.2.jar
2024-06-20 17:00:52,503 [BasicRepositoryConnector-repo.maven.apache.org-9-4] INFO  o.e.m.c.i.e.AbstractTransferListenerAdapter - Downloaded https://repo.maven.apache.org/maven2/org/springframework/boot/spring-boot-starter-json/2.6.6/spring-boot-starter-json-2.6.6.jar
2024-06-20 17:00:52,552 [BasicRepositoryConnector-repo.maven.apache.org-9-1] INFO  o.e.m.c.i.e.AbstractTransferListenerAdapter - Downloaded https://repo.maven.apache.org/maven2/com/fasterxml/jackson/core/jackson-annotations/2.13.2/jackson-annotations-2.13.2.jar
2024-06-20 17:00:52,563 [BasicRepositoryConnector-repo.maven.apache.org-9-4] INFO  o.e.m.c.i.e.AbstractTransferListenerAdapter - Downloading https://repo.maven.apache.org/maven2/com/fasterxml/jackson/datatype/jackson-datatype-jdk8/2.13.2/jackson-datatype-jdk8-2.13.2.jar
2024-06-20 17:00:52,581 [BasicRepositoryConnector-repo.maven.apache.org-9-1] INFO  o.e.m.c.i.e.AbstractTransferListenerAdapter - Downloading https://repo.maven.apache.org/maven2/com/fasterxml/jackson/datatype/jackson-datatype-jsr310/2.13.2/jackson-datatype-jsr310-2.13.2.jar
2024-06-20 17:00:52,696 [BasicRepositoryConnector-repo.maven.apache.org-9-0] INFO  o.e.m.c.i.e.AbstractTransferListenerAdapter - Downloaded https://repo.maven.apache.org/maven2/com/fasterxml/jackson/core/jackson-databind/2.13.2.2/jackson-databind-2.13.2.2.jar
2024-06-20 17:00:52,700 [BasicRepositoryConnector-repo.maven.apache.org-9-1] INFO  o.e.m.c.i.e.AbstractTransferListenerAdapter - Downloaded https://repo.maven.apache.org/maven2/com/fasterxml/jackson/datatype/jackson-datatype-jsr310/2.13.2/jackson-datatype-jsr310-2.13.2.jar
2024-06-20 17:00:52,703 [BasicRepositoryConnector-repo.maven.apache.org-9-2] INFO  o.e.m.c.i.e.AbstractTransferListenerAdapter - Downloaded https://repo.maven.apache.org/maven2/org/springframework/spring-jcl/5.3.18/spring-jcl-5.3.18.jar
2024-06-20 17:00:52,711 [BasicRepositoryConnector-repo.maven.apache.org-9-3] INFO  o.e.m.c.i.e.AbstractTransferListenerAdapter - Downloaded https://repo.maven.apache.org/maven2/com/fasterxml/jackson/core/jackson-core/2.13.2/jackson-core-2.13.2.jar
2024-06-20 17:00:52,729 [BasicRepositoryConnector-repo.maven.apache.org-9-0] INFO  o.e.m.c.i.e.AbstractTransferListenerAdapter - Downloading https://repo.maven.apache.org/maven2/com/fasterxml/jackson/module/jackson-module-parameter-names/2.13.2/jackson-module-parameter-names-2.13.2.jar
2024-06-20 17:00:52,786 [BasicRepositoryConnector-repo.maven.apache.org-9-1] INFO  o.e.m.c.i.e.AbstractTransferListenerAdapter - Downloading https://repo.maven.apache.org/maven2/org/springframework/boot/spring-boot-starter-tomcat/2.6.6/spring-boot-starter-tomcat-2.6.6.jar
2024-06-20 17:00:52,791 [BasicRepositoryConnector-repo.maven.apache.org-9-3] INFO  o.e.m.c.i.e.AbstractTransferListenerAdapter - Downloading https://repo.maven.apache.org/maven2/org/apache/tomcat/embed/tomcat-embed-el/9.0.60/tomcat-embed-el-9.0.60.jar
2024-06-20 17:00:52,793 [BasicRepositoryConnector-repo.maven.apache.org-9-2] INFO  o.e.m.c.i.e.AbstractTransferListenerAdapter - Downloading https://repo.maven.apache.org/maven2/org/apache/tomcat/embed/tomcat-embed-core/9.0.60/tomcat-embed-core-9.0.60.jar
2024-06-20 17:00:52,916 [BasicRepositoryConnector-repo.maven.apache.org-9-1] INFO  o.e.m.c.i.e.AbstractTransferListenerAdapter - Downloaded https://repo.maven.apache.org/maven2/org/springframework/boot/spring-boot-starter-tomcat/2.6.6/spring-boot-starter-tomcat-2.6.6.jar
2024-06-20 17:00:52,939 [BasicRepositoryConnector-repo.maven.apache.org-9-3] INFO  o.e.m.c.i.e.AbstractTransferListenerAdapter - Downloaded https://repo.maven.apache.org/maven2/org/apache/tomcat/embed/tomcat-embed-el/9.0.60/tomcat-embed-el-9.0.60.jar
2024-06-20 17:00:52,994 [BasicRepositoryConnector-repo.maven.apache.org-9-3] INFO  o.e.m.c.i.e.AbstractTransferListenerAdapter - Downloading https://repo.maven.apache.org/maven2/org/springframework/spring-web/5.3.18/spring-web-5.3.18.jar
2024-06-20 17:00:52,994 [BasicRepositoryConnector-repo.maven.apache.org-9-1] INFO  o.e.m.c.i.e.AbstractTransferListenerAdapter - Downloading https://repo.maven.apache.org/maven2/org/apache/tomcat/embed/tomcat-embed-websocket/9.0.60/tomcat-embed-websocket-9.0.60.jar
2024-06-20 17:00:53,193 [BasicRepositoryConnector-repo.maven.apache.org-9-0] INFO  o.e.m.c.i.e.AbstractTransferListenerAdapter - Downloaded https://repo.maven.apache.org/maven2/com/fasterxml/jackson/module/jackson-module-parameter-names/2.13.2/jackson-module-parameter-names-2.13.2.jar
2024-06-20 17:00:53,232 [BasicRepositoryConnector-repo.maven.apache.org-9-0] INFO  o.e.m.c.i.e.AbstractTransferListenerAdapter - Downloading https://repo.maven.apache.org/maven2/org/springframework/spring-beans/5.3.18/spring-beans-5.3.18.jar
2024-06-20 17:00:53,583 [BasicRepositoryConnector-repo.maven.apache.org-9-4] INFO  o.e.m.c.i.e.AbstractTransferListenerAdapter - Downloaded https://repo.maven.apache.org/maven2/com/fasterxml/jackson/datatype/jackson-datatype-jdk8/2.13.2/jackson-datatype-jdk8-2.13.2.jar
2024-06-20 17:00:53,672 [BasicRepositoryConnector-repo.maven.apache.org-9-4] INFO  o.e.m.c.i.e.AbstractTransferListenerAdapter - Downloading https://repo.maven.apache.org/maven2/org/springframework/spring-webmvc/5.3.18/spring-webmvc-5.3.18.jar
2024-06-20 17:00:53,745 [BasicRepositoryConnector-repo.maven.apache.org-9-3] INFO  o.e.m.c.i.e.AbstractTransferListenerAdapter - Downloaded https://repo.maven.apache.org/maven2/org/springframework/spring-web/5.3.18/spring-web-5.3.18.jar
2024-06-20 17:00:53,791 [BasicRepositoryConnector-repo.maven.apache.org-9-1] INFO  o.e.m.c.i.e.AbstractTransferListenerAdapter - Downloaded https://repo.maven.apache.org/maven2/org/apache/tomcat/embed/tomcat-embed-websocket/9.0.60/tomcat-embed-websocket-9.0.60.jar
2024-06-20 17:00:53,983 [BasicRepositoryConnector-repo.maven.apache.org-9-3] INFO  o.e.m.c.i.e.AbstractTransferListenerAdapter - Downloading https://repo.maven.apache.org/maven2/org/springframework/spring-aop/5.3.18/spring-aop-5.3.18.jar
2024-06-20 17:00:53,983 [BasicRepositoryConnector-repo.maven.apache.org-9-1] INFO  o.e.m.c.i.e.AbstractTransferListenerAdapter - Downloading https://repo.maven.apache.org/maven2/org/springframework/spring-context/5.3.18/spring-context-5.3.18.jar
2024-06-20 17:00:54,102 [BasicRepositoryConnector-repo.maven.apache.org-9-4] INFO  o.e.m.c.i.e.AbstractTransferListenerAdapter - Downloaded https://repo.maven.apache.org/maven2/org/springframework/spring-webmvc/5.3.18/spring-webmvc-5.3.18.jar
2024-06-20 17:00:54,113 [BasicRepositoryConnector-repo.maven.apache.org-9-0] INFO  o.e.m.c.i.e.AbstractTransferListenerAdapter - Downloaded https://repo.maven.apache.org/maven2/org/springframework/spring-beans/5.3.18/spring-beans-5.3.18.jar
2024-06-20 17:00:54,132 [BasicRepositoryConnector-repo.maven.apache.org-9-4] INFO  o.e.m.c.i.e.AbstractTransferListenerAdapter - Downloading https://repo.maven.apache.org/maven2/org/springframework/spring-expression/5.3.18/spring-expression-5.3.18.jar
2024-06-20 17:00:54,160 [BasicRepositoryConnector-repo.maven.apache.org-9-0] INFO  o.e.m.c.i.e.AbstractTransferListenerAdapter - Downloading https://repo.maven.apache.org/maven2/org/springframework/boot/spring-boot-starter-mail/2.6.6/spring-boot-starter-mail-2.6.6.jar
2024-06-20 17:00:54,193 [BasicRepositoryConnector-repo.maven.apache.org-9-2] INFO  o.e.m.c.i.e.AbstractTransferListenerAdapter - Downloaded https://repo.maven.apache.org/maven2/org/apache/tomcat/embed/tomcat-embed-core/9.0.60/tomcat-embed-core-9.0.60.jar
2024-06-20 17:00:54,213 [BasicRepositoryConnector-repo.maven.apache.org-9-2] INFO  o.e.m.c.i.e.AbstractTransferListenerAdapter - Downloading https://repo.maven.apache.org/maven2/org/springframework/spring-context-support/5.3.18/spring-context-support-5.3.18.jar
2024-06-20 17:00:54,224 [BasicRepositoryConnector-repo.maven.apache.org-9-0] INFO  o.e.m.c.i.e.AbstractTransferListenerAdapter - Downloaded https://repo.maven.apache.org/maven2/org/springframework/boot/spring-boot-starter-mail/2.6.6/spring-boot-starter-mail-2.6.6.jar
2024-06-20 17:00:54,243 [BasicRepositoryConnector-repo.maven.apache.org-9-0] INFO  o.e.m.c.i.e.AbstractTransferListenerAdapter - Downloading https://repo.maven.apache.org/maven2/com/sun/mail/jakarta.mail/1.6.7/jakarta.mail-1.6.7.jar
2024-06-20 17:00:54,352 [BasicRepositoryConnector-repo.maven.apache.org-9-4] INFO  o.e.m.c.i.e.AbstractTransferListenerAdapter - Downloaded https://repo.maven.apache.org/maven2/org/springframework/spring-expression/5.3.18/spring-expression-5.3.18.jar
2024-06-20 17:00:54,380 [BasicRepositoryConnector-repo.maven.apache.org-9-4] INFO  o.e.m.c.i.e.AbstractTransferListenerAdapter - Downloading https://repo.maven.apache.org/maven2/com/sun/activation/jakarta.activation/1.2.2/jakarta.activation-1.2.2.jar
2024-06-20 17:00:54,488 [BasicRepositoryConnector-repo.maven.apache.org-9-3] INFO  o.e.m.c.i.e.AbstractTransferListenerAdapter - Downloaded https://repo.maven.apache.org/maven2/org/springframework/spring-aop/5.3.18/spring-aop-5.3.18.jar
2024-06-20 17:00:54,508 [BasicRepositoryConnector-repo.maven.apache.org-9-0] INFO  o.e.m.c.i.e.AbstractTransferListenerAdapter - Downloaded https://repo.maven.apache.org/maven2/com/sun/mail/jakarta.mail/1.6.7/jakarta.mail-1.6.7.jar
2024-06-20 17:00:54,521 [BasicRepositoryConnector-repo.maven.apache.org-9-3] INFO  o.e.m.c.i.e.AbstractTransferListenerAdapter - Downloading https://repo.maven.apache.org/maven2/org/springframework/boot/spring-boot-devtools/2.6.6/spring-boot-devtools-2.6.6.jar
2024-06-20 17:00:54,537 [BasicRepositoryConnector-repo.maven.apache.org-9-0] INFO  o.e.m.c.i.e.AbstractTransferListenerAdapter - Downloading https://repo.maven.apache.org/maven2/org/springframework/boot/spring-boot/2.6.6/spring-boot-2.6.6.jar
2024-06-20 17:00:54,544 [BasicRepositoryConnector-repo.maven.apache.org-9-4] INFO  o.e.m.c.i.e.AbstractTransferListenerAdapter - Downloaded https://repo.maven.apache.org/maven2/com/sun/activation/jakarta.activation/1.2.2/jakarta.activation-1.2.2.jar
2024-06-20 17:00:54,571 [BasicRepositoryConnector-repo.maven.apache.org-9-4] INFO  o.e.m.c.i.e.AbstractTransferListenerAdapter - Downloading https://repo.maven.apache.org/maven2/org/springframework/boot/spring-boot-autoconfigure/2.6.6/spring-boot-autoconfigure-2.6.6.jar
2024-06-20 17:00:54,608 [BasicRepositoryConnector-repo.maven.apache.org-9-2] INFO  o.e.m.c.i.e.AbstractTransferListenerAdapter - Downloaded https://repo.maven.apache.org/maven2/org/springframework/spring-context-support/5.3.18/spring-context-support-5.3.18.jar
2024-06-20 17:00:54,650 [BasicRepositoryConnector-repo.maven.apache.org-9-3] INFO  o.e.m.c.i.e.AbstractTransferListenerAdapter - Downloaded https://repo.maven.apache.org/maven2/org/springframework/boot/spring-boot-devtools/2.6.6/spring-boot-devtools-2.6.6.jar
2024-06-20 17:00:54,771 [BasicRepositoryConnector-repo.maven.apache.org-9-1] INFO  o.e.m.c.i.e.AbstractTransferListenerAdapter - Downloaded https://repo.maven.apache.org/maven2/org/springframework/spring-context/5.3.18/spring-context-5.3.18.jar
2024-06-20 17:00:56,055 [BasicRepositoryConnector-repo.maven.apache.org-9-4] INFO  o.e.m.c.i.e.AbstractTransferListenerAdapter - Downloaded https://repo.maven.apache.org/maven2/org/springframework/boot/spring-boot-autoconfigure/2.6.6/spring-boot-autoconfigure-2.6.6.jar
2024-06-20 17:00:56,091 [BasicRepositoryConnector-repo.maven.apache.org-9-0] INFO  o.e.m.c.i.e.AbstractTransferListenerAdapter - Downloaded https://repo.maven.apache.org/maven2/org/springframework/boot/spring-boot/2.6.6/spring-boot-2.6.6.jar
2024-06-20 17:00:56,414 [Worker-3: Building] INFO  o.e.m.c.i.e.AbstractTransferListenerAdapter - Downloading https://repo.maven.apache.org/maven2/org/apache/maven/plugins/maven-resources-plugin/3.2.0/maven-resources-plugin-3.2.0.pom
2024-06-20 17:00:56,462 [Worker-3: Building] INFO  o.e.m.c.i.e.AbstractTransferListenerAdapter - Downloaded https://repo.maven.apache.org/maven2/org/apache/maven/plugins/maven-resources-plugin/3.2.0/maven-resources-plugin-3.2.0.pom
2024-06-20 17:00:56,491 [Worker-3: Building] INFO  o.e.m.c.i.e.AbstractTransferListenerAdapter - Downloading https://repo.maven.apache.org/maven2/org/apache/maven/plugins/maven-plugins/34/maven-plugins-34.pom
2024-06-20 17:00:56,532 [Worker-3: Building] INFO  o.e.m.c.i.e.AbstractTransferListenerAdapter - Downloaded https://repo.maven.apache.org/maven2/org/apache/maven/plugins/maven-plugins/34/maven-plugins-34.pom
2024-06-20 17:00:56,588 [Worker-3: Building] INFO  o.e.m.c.i.e.AbstractTransferListenerAdapter - Downloading https://repo.maven.apache.org/maven2/org/apache/maven/plugins/maven-jar-plugin/3.2.2/maven-jar-plugin-3.2.2.pom
2024-06-20 17:00:56,639 [Worker-3: Building] INFO  o.e.m.c.i.e.AbstractTransferListenerAdapter - Downloaded https://repo.maven.apache.org/maven2/org/apache/maven/plugins/maven-jar-plugin/3.2.2/maven-jar-plugin-3.2.2.pom
2024-06-20 17:00:56,694 [Worker-3: Building] INFO  o.e.m.c.i.e.AbstractTransferListenerAdapter - Downloading https://repo.maven.apache.org/maven2/org/apache/maven/maven-plugin-api/3.1.0/maven-plugin-api-3.1.0.pom
2024-06-20 17:00:56,739 [Worker-3: Building] INFO  o.e.m.c.i.e.AbstractTransferListenerAdapter - Downloaded https://repo.maven.apache.org/maven2/org/apache/maven/maven-plugin-api/3.1.0/maven-plugin-api-3.1.0.pom
2024-06-20 17:00:56,774 [Worker-3: Building] INFO  o.e.m.c.i.e.AbstractTransferListenerAdapter - Downloading https://repo.maven.apache.org/maven2/org/apache/maven/maven/3.1.0/maven-3.1.0.pom
2024-06-20 17:00:56,864 [Worker-3: Building] INFO  o.e.m.c.i.e.AbstractTransferListenerAdapter - Downloaded https://repo.maven.apache.org/maven2/org/apache/maven/maven/3.1.0/maven-3.1.0.pom
2024-06-20 17:00:56,947 [Worker-3: Building] INFO  o.e.m.c.i.e.AbstractTransferListenerAdapter - Downloading https://repo.maven.apache.org/maven2/org/apache/maven/maven-model/3.1.0/maven-model-3.1.0.pom
2024-06-20 17:00:57,091 [Worker-3: Building] INFO  o.e.m.c.i.e.AbstractTransferListenerAdapter - Downloaded https://repo.maven.apache.org/maven2/org/apache/maven/maven-model/3.1.0/maven-model-3.1.0.pom
2024-06-20 17:00:57,125 [Worker-3: Building] INFO  o.e.m.c.i.e.AbstractTransferListenerAdapter - Downloading https://repo.maven.apache.org/maven2/org/codehaus/plexus/plexus-utils/3.0.10/plexus-utils-3.0.10.pom
2024-06-20 17:00:57,232 [Worker-3: Building] INFO  o.e.m.c.i.e.AbstractTransferListenerAdapter - Downloaded https://repo.maven.apache.org/maven2/org/codehaus/plexus/plexus-utils/3.0.10/plexus-utils-3.0.10.pom
2024-06-20 17:00:57,248 [Worker-5: Updating Maven Dependencies] INFO  o.e.m.c.i.l.LifecycleMappingFactory - Using org.eclipse.m2e.jdt.JarLifecycleMapping lifecycle mapping for MavenProject: com.mail:SpringBoot_Mail:0.0.1-SNAPSHOT @ C:\Users\HP\OneDrive\Desktop\java\SpringBoot_Mail\pom.xml.
2024-06-20 17:00:57,264 [Worker-3: Building] INFO  o.e.m.c.i.e.AbstractTransferListenerAdapter - Downloading https://repo.maven.apache.org/maven2/org/codehaus/plexus/plexus/3.3/plexus-3.3.pom
2024-06-20 17:00:57,382 [Worker-18: Download sources and javadoc] INFO  o.e.m.c.i.e.AbstractTransferListenerAdapter - Downloading https://repo.maven.apache.org/maven2/org/springframework/boot/spring-boot-starter-web/2.6.6/spring-boot-starter-web-2.6.6-sources.jar
2024-06-20 17:00:57,546 [Worker-3: Building] INFO  o.e.m.c.i.e.AbstractTransferListenerAdapter - Downloaded https://repo.maven.apache.org/maven2/org/codehaus/plexus/plexus/3.3/plexus-3.3.pom
2024-06-20 17:00:57,578 [Worker-18: Download sources and javadoc] INFO  o.e.m.c.i.e.AbstractTransferListenerAdapter - Downloaded https://repo.maven.apache.org/maven2/org/springframework/boot/spring-boot-starter-web/2.6.6/spring-boot-starter-web-2.6.6-sources.jar
2024-06-20 17:00:57,582 [Worker-18: Download sources and javadoc] INFO  o.e.m.j.internal.DownloadSourcesJob - Downloaded sources for org.springframework.boot:spring-boot-starter-web:2.6.6
2024-06-20 17:00:57,601 [Worker-3: Building] INFO  o.e.m.c.i.e.AbstractTransferListenerAdapter - Downloading https://repo.maven.apache.org/maven2/org/apache/maven/maven-artifact/3.1.0/maven-artifact-3.1.0.pom
2024-06-20 17:00:57,688 [Worker-3: Building] INFO  o.e.m.c.i.e.AbstractTransferListenerAdapter - Downloaded https://repo.maven.apache.org/maven2/org/apache/maven/maven-artifact/3.1.0/maven-artifact-3.1.0.pom
2024-06-20 17:00:57,719 [Worker-3: Building] INFO  o.e.m.c.i.e.AbstractTransferListenerAdapter - Downloading https://repo.maven.apache.org/maven2/org/eclipse/sisu/org.eclipse.sisu.plexus/0.0.0.M2a/org.eclipse.sisu.plexus-0.0.0.M2a.pom
2024-06-20 17:00:57,730 [Worker-18: Download sources and javadoc] INFO  o.e.m.c.i.e.AbstractTransferListenerAdapter - Downloading https://repo.maven.apache.org/maven2/org/springframework/boot/spring-boot-starter/2.6.6/spring-boot-starter-2.6.6-sources.jar
2024-06-20 17:00:58,071 [Worker-3: Building] INFO  o.e.m.c.i.e.AbstractTransferListenerAdapter - Downloaded https://repo.maven.apache.org/maven2/org/eclipse/sisu/org.eclipse.sisu.plexus/0.0.0.M2a/org.eclipse.sisu.plexus-0.0.0.M2a.pom
2024-06-20 17:00:58,121 [Worker-3: Building] INFO  o.e.m.c.i.e.AbstractTransferListenerAdapter - Downloading https://repo.maven.apache.org/maven2/org/eclipse/sisu/sisu-plexus/0.0.0.M2a/sisu-plexus-0.0.0.M2a.pom
2024-06-20 17:00:58,180 [Worker-3: Building] INFO  o.e.m.c.i.e.AbstractTransferListenerAdapter - Downloaded https://repo.maven.apache.org/maven2/org/eclipse/sisu/sisu-plexus/0.0.0.M2a/sisu-plexus-0.0.0.M2a.pom
2024-06-20 17:00:58,185 [Worker-18: Download sources and javadoc] INFO  o.e.m.c.i.e.AbstractTransferListenerAdapter - Downloaded https://repo.maven.apache.org/maven2/org/springframework/boot/spring-boot-starter/2.6.6/spring-boot-starter-2.6.6-sources.jar
2024-06-20 17:00:58,190 [Worker-18: Download sources and javadoc] INFO  o.e.m.j.internal.DownloadSourcesJob - Downloaded sources for org.springframework.boot:spring-boot-starter:2.6.6
2024-06-20 17:00:58,221 [Worker-3: Building] INFO  o.e.m.c.i.e.AbstractTransferListenerAdapter - Downloading https://repo.maven.apache.org/maven2/javax/enterprise/cdi-api/1.0/cdi-api-1.0.pom
2024-06-20 17:00:58,278 [Worker-3: Building] INFO  o.e.m.c.i.e.AbstractTransferListenerAdapter - Downloaded https://repo.maven.apache.org/maven2/javax/enterprise/cdi-api/1.0/cdi-api-1.0.pom
2024-06-20 17:00:58,312 [Worker-18: Download sources and javadoc] INFO  o.e.m.c.i.e.AbstractTransferListenerAdapter - Downloading https://repo.maven.apache.org/maven2/org/springframework/boot/spring-boot-starter-logging/2.6.6/spring-boot-starter-logging-2.6.6-sources.jar
2024-06-20 17:00:58,312 [Worker-3: Building] INFO  o.e.m.c.i.e.AbstractTransferListenerAdapter - Downloading https://repo.maven.apache.org/maven2/org/jboss/weld/weld-api-parent/1.0/weld-api-parent-1.0.pom
2024-06-20 17:00:58,378 [Worker-3: Building] INFO  o.e.m.c.i.e.AbstractTransferListenerAdapter - Downloaded https://repo.maven.apache.org/maven2/org/jboss/weld/weld-api-parent/1.0/weld-api-parent-1.0.pom
2024-06-20 17:00:58,409 [Worker-3: Building] INFO  o.e.m.c.i.e.AbstractTransferListenerAdapter - Downloading https://repo.maven.apache.org/maven2/org/jboss/weld/weld-api-bom/1.0/weld-api-bom-1.0.pom
2024-06-20 17:00:58,456 [Worker-18: Download sources and javadoc] INFO  o.e.m.c.i.e.AbstractTransferListenerAdapter - Downloaded https://repo.maven.apache.org/maven2/org/springframework/boot/spring-boot-starter-logging/2.6.6/spring-boot-starter-logging-2.6.6-sources.jar
2024-06-20 17:00:58,457 [Worker-3: Building] INFO  o.e.m.c.i.e.AbstractTransferListenerAdapter - Downloaded https://repo.maven.apache.org/maven2/org/jboss/weld/weld-api-bom/1.0/weld-api-bom-1.0.pom
2024-06-20 17:00:58,462 [Worker-18: Download sources and javadoc] INFO  o.e.m.j.internal.DownloadSourcesJob - Downloaded sources for org.springframework.boot:spring-boot-starter-logging:2.6.6
2024-06-20 17:00:58,487 [Worker-3: Building] INFO  o.e.m.c.i.e.AbstractTransferListenerAdapter - Downloading https://repo.maven.apache.org/maven2/org/jboss/weld/weld-parent/6/weld-parent-6.pom
2024-06-20 17:00:58,531 [Worker-3: Building] INFO  o.e.m.c.i.e.AbstractTransferListenerAdapter - Downloaded https://repo.maven.apache.org/maven2/org/jboss/weld/weld-parent/6/weld-parent-6.pom
2024-06-20 17:00:58,596 [Worker-3: Building] INFO  o.e.m.c.i.e.AbstractTransferListenerAdapter - Downloading https://repo.maven.apache.org/maven2/javax/annotation/jsr250-api/1.0/jsr250-api-1.0.pom
2024-06-20 17:00:58,596 [Worker-18: Download sources and javadoc] INFO  o.e.m.c.i.e.AbstractTransferListenerAdapter - Downloading https://repo.maven.apache.org/maven2/ch/qos/logback/logback-classic/1.2.11/logback-classic-1.2.11-sources.jar
2024-06-20 17:00:58,643 [Worker-3: Building] INFO  o.e.m.c.i.e.AbstractTransferListenerAdapter - Downloaded https://repo.maven.apache.org/maven2/javax/annotation/jsr250-api/1.0/jsr250-api-1.0.pom
2024-06-20 17:00:58,672 [Worker-3: Building] INFO  o.e.m.c.i.e.AbstractTransferListenerAdapter - Downloading https://repo.maven.apache.org/maven2/com/google/guava/guava/10.0.1/guava-10.0.1.pom
2024-06-20 17:00:58,719 [Worker-18: Download sources and javadoc] INFO  o.e.m.c.i.e.AbstractTransferListenerAdapter - Downloaded https://repo.maven.apache.org/maven2/ch/qos/logback/logback-classic/1.2.11/logback-classic-1.2.11-sources.jar
2024-06-20 17:00:58,724 [Worker-18: Download sources and javadoc] INFO  o.e.m.j.internal.DownloadSourcesJob - Downloaded sources for ch.qos.logback:logback-classic:1.2.11
2024-06-20 17:00:58,739 [Worker-3: Building] INFO  o.e.m.c.i.e.AbstractTransferListenerAdapter - Downloaded https://repo.maven.apache.org/maven2/com/google/guava/guava/10.0.1/guava-10.0.1.pom
2024-06-20 17:00:58,802 [Worker-3: Building] INFO  o.e.m.c.i.e.AbstractTransferListenerAdapter - Downloading https://repo.maven.apache.org/maven2/com/google/guava/guava-parent/10.0.1/guava-parent-10.0.1.pom
2024-06-20 17:00:58,854 [Worker-3: Building] INFO  o.e.m.c.i.e.AbstractTransferListenerAdapter - Downloaded https://repo.maven.apache.org/maven2/com/google/guava/guava-parent/10.0.1/guava-parent-10.0.1.pom
2024-06-20 17:00:58,856 [Worker-18: Download sources and javadoc] INFO  o.e.m.c.i.e.AbstractTransferListenerAdapter - Downloading https://repo.maven.apache.org/maven2/ch/qos/logback/logback-core/1.2.11/logback-core-1.2.11-sources.jar
2024-06-20 17:00:58,880 [Worker-3: Building] INFO  o.e.m.c.i.e.AbstractTransferListenerAdapter - Downloading https://repo.maven.apache.org/maven2/com/google/code/findbugs/jsr305/1.3.9/jsr305-1.3.9.pom
2024-06-20 17:00:58,911 [Worker-3: Building] INFO  o.e.m.c.i.e.AbstractTransferListenerAdapter - Downloaded https://repo.maven.apache.org/maven2/com/google/code/findbugs/jsr305/1.3.9/jsr305-1.3.9.pom
2024-06-20 17:00:58,949 [Worker-3: Building] INFO  o.e.m.c.i.e.AbstractTransferListenerAdapter - Downloading https://repo.maven.apache.org/maven2/org/sonatype/sisu/sisu-guice/3.1.0/sisu-guice-3.1.0.pom
2024-06-20 17:00:58,997 [Worker-3: Building] INFO  o.e.m.c.i.e.AbstractTransferListenerAdapter - Downloaded https://repo.maven.apache.org/maven2/org/sonatype/sisu/sisu-guice/3.1.0/sisu-guice-3.1.0.pom
2024-06-20 17:00:59,003 [Worker-18: Download sources and javadoc] INFO  o.e.m.c.i.e.AbstractTransferListenerAdapter - Downloaded https://repo.maven.apache.org/maven2/ch/qos/logback/logback-core/1.2.11/logback-core-1.2.11-sources.jar
2024-06-20 17:00:59,008 [Worker-18: Download sources and javadoc] INFO  o.e.m.j.internal.DownloadSourcesJob - Downloaded sources for ch.qos.logback:logback-core:1.2.11
2024-06-20 17:00:59,043 [Worker-3: Building] INFO  o.e.m.c.i.e.AbstractTransferListenerAdapter - Downloading https://repo.maven.apache.org/maven2/org/sonatype/sisu/inject/guice-parent/3.1.0/guice-parent-3.1.0.pom
2024-06-20 17:00:59,081 [Worker-3: Building] INFO  o.e.m.c.i.e.AbstractTransferListenerAdapter - Downloaded https://repo.maven.apache.org/maven2/org/sonatype/sisu/inject/guice-parent/3.1.0/guice-parent-3.1.0.pom
2024-06-20 17:00:59,087 [Worker-18: Download sources and javadoc] INFO  o.e.m.c.i.e.AbstractTransferListenerAdapter - Downloading https://repo.maven.apache.org/maven2/org/slf4j/slf4j-api/1.7.36/slf4j-api-1.7.36-sources.jar
2024-06-20 17:00:59,121 [Worker-3: Building] INFO  o.e.m.c.i.e.AbstractTransferListenerAdapter - Downloading https://repo.maven.apache.org/maven2/aopalliance/aopalliance/1.0/aopalliance-1.0.pom
2024-06-20 17:00:59,150 [Worker-18: Download sources and javadoc] INFO  o.e.m.c.i.e.AbstractTransferListenerAdapter - Downloaded https://repo.maven.apache.org/maven2/org/slf4j/slf4j-api/1.7.36/slf4j-api-1.7.36-sources.jar
2024-06-20 17:00:59,154 [Worker-18: Download sources and javadoc] INFO  o.e.m.j.internal.DownloadSourcesJob - Downloaded sources for org.slf4j:slf4j-api:1.7.36
2024-06-20 17:00:59,164 [Worker-3: Building] INFO  o.e.m.c.i.e.AbstractTransferListenerAdapter - Downloaded https://repo.maven.apache.org/maven2/aopalliance/aopalliance/1.0/aopalliance-1.0.pom
2024-06-20 17:00:59,208 [Worker-3: Building] INFO  o.e.m.c.i.e.AbstractTransferListenerAdapter - Downloading https://repo.maven.apache.org/maven2/org/eclipse/sisu/org.eclipse.sisu.inject/0.0.0.M2a/org.eclipse.sisu.inject-0.0.0.M2a.pom
2024-06-20 17:00:59,237 [Worker-3: Building] INFO  o.e.m.c.i.e.AbstractTransferListenerAdapter - Downloaded https://repo.maven.apache.org/maven2/org/eclipse/sisu/org.eclipse.sisu.inject/0.0.0.M2a/org.eclipse.sisu.inject-0.0.0.M2a.pom
2024-06-20 17:00:59,252 [Worker-18: Download sources and javadoc] INFO  o.e.m.c.i.e.AbstractTransferListenerAdapter - Downloading https://repo.maven.apache.org/maven2/org/apache/logging/log4j/log4j-to-slf4j/2.17.2/log4j-to-slf4j-2.17.2-sources.jar
2024-06-20 17:00:59,274 [Worker-3: Building] INFO  o.e.m.c.i.e.AbstractTransferListenerAdapter - Downloading https://repo.maven.apache.org/maven2/org/eclipse/sisu/sisu-inject/0.0.0.M2a/sisu-inject-0.0.0.M2a.pom
2024-06-20 17:00:59,306 [Worker-3: Building] INFO  o.e.m.c.i.e.AbstractTransferListenerAdapter - Downloaded https://repo.maven.apache.org/maven2/org/eclipse/sisu/sisu-inject/0.0.0.M2a/sisu-inject-0.0.0.M2a.pom
2024-06-20 17:00:59,337 [Worker-3: Building] INFO  o.e.m.c.i.e.AbstractTransferListenerAdapter - Downloading https://repo.maven.apache.org/maven2/asm/asm/3.3.1/asm-3.3.1.pom
2024-06-20 17:00:59,363 [Worker-3: Building] INFO  o.e.m.c.i.e.AbstractTransferListenerAdapter - Downloaded https://repo.maven.apache.org/maven2/asm/asm/3.3.1/asm-3.3.1.pom
2024-06-20 17:00:59,414 [Worker-3: Building] INFO  o.e.m.c.i.e.AbstractTransferListenerAdapter - Downloading https://repo.maven.apache.org/maven2/asm/asm-parent/3.3.1/asm-parent-3.3.1.pom
2024-06-20 17:00:59,451 [Worker-3: Building] INFO  o.e.m.c.i.e.AbstractTransferListenerAdapter - Downloaded https://repo.maven.apache.org/maven2/asm/asm-parent/3.3.1/asm-parent-3.3.1.pom
2024-06-20 17:00:59,495 [Worker-3: Building] INFO  o.e.m.c.i.e.AbstractTransferListenerAdapter - Downloading https://repo.maven.apache.org/maven2/org/codehaus/plexus/plexus-component-annotations/2.0.0/plexus-component-annotations-2.0.0.pom
2024-06-20 17:00:59,521 [Worker-3: Building] INFO  o.e.m.c.i.e.AbstractTransferListenerAdapter - Downloaded https://repo.maven.apache.org/maven2/org/codehaus/plexus/plexus-component-annotations/2.0.0/plexus-component-annotations-2.0.0.pom
2024-06-20 17:00:59,567 [Worker-18: Download sources and javadoc] INFO  o.e.m.c.i.e.AbstractTransferListenerAdapter - Downloaded https://repo.maven.apache.org/maven2/org/apache/logging/log4j/log4j-to-slf4j/2.17.2/log4j-to-slf4j-2.17.2-sources.jar
2024-06-20 17:00:59,571 [Worker-18: Download sources and javadoc] INFO  o.e.m.j.internal.DownloadSourcesJob - Downloaded sources for org.apache.logging.log4j:log4j-to-slf4j:2.17.2
2024-06-20 17:00:59,575 [Worker-3: Building] INFO  o.e.m.c.i.e.AbstractTransferListenerAdapter - Downloading https://repo.maven.apache.org/maven2/org/codehaus/plexus/plexus-containers/2.0.0/plexus-containers-2.0.0.pom
2024-06-20 17:00:59,610 [Worker-3: Building] INFO  o.e.m.c.i.e.AbstractTransferListenerAdapter - Downloaded https://repo.maven.apache.org/maven2/org/codehaus/plexus/plexus-containers/2.0.0/plexus-containers-2.0.0.pom
2024-06-20 17:00:59,687 [Worker-3: Building] INFO  o.e.m.c.i.e.AbstractTransferListenerAdapter - Downloading https://repo.maven.apache.org/maven2/org/codehaus/plexus/plexus-classworlds/2.4/plexus-classworlds-2.4.pom
2024-06-20 17:00:59,719 [Worker-3: Building] INFO  o.e.m.c.i.e.AbstractTransferListenerAdapter - Downloaded https://repo.maven.apache.org/maven2/org/codehaus/plexus/plexus-classworlds/2.4/plexus-classworlds-2.4.pom
2024-06-20 17:00:59,731 [Worker-18: Download sources and javadoc] INFO  o.e.m.c.i.e.AbstractTransferListenerAdapter - Downloading https://repo.maven.apache.org/maven2/org/apache/logging/log4j/log4j-api/2.17.2/log4j-api-2.17.2-sources.jar
2024-06-20 17:00:59,761 [Worker-3: Building] INFO  o.e.m.c.i.e.AbstractTransferListenerAdapter - Downloading https://repo.maven.apache.org/maven2/org/codehaus/plexus/plexus-utils/2.1/plexus-utils-2.1.pom
2024-06-20 17:00:59,794 [Worker-3: Building] INFO  o.e.m.c.i.e.AbstractTransferListenerAdapter - Downloaded https://repo.maven.apache.org/maven2/org/codehaus/plexus/plexus-utils/2.1/plexus-utils-2.1.pom
2024-06-20 17:00:59,876 [Worker-3: Building] INFO  o.e.m.c.i.e.AbstractTransferListenerAdapter - Downloading https://repo.maven.apache.org/maven2/org/sonatype/spice/spice-parent/16/spice-parent-16.pom
2024-06-20 17:00:59,878 [Worker-18: Download sources and javadoc] INFO  o.e.m.c.i.e.AbstractTransferListenerAdapter - Downloaded https://repo.maven.apache.org/maven2/org/apache/logging/log4j/log4j-api/2.17.2/log4j-api-2.17.2-sources.jar
2024-06-20 17:00:59,884 [Worker-18: Download sources and javadoc] INFO  o.e.m.j.internal.DownloadSourcesJob - Downloaded sources for org.apache.logging.log4j:log4j-api:2.17.2
2024-06-20 17:00:59,929 [Worker-3: Building] INFO  o.e.m.c.i.e.AbstractTransferListenerAdapter - Downloaded https://repo.maven.apache.org/maven2/org/sonatype/spice/spice-parent/16/spice-parent-16.pom
2024-06-20 17:00:59,963 [Worker-18: Download sources and javadoc] INFO  o.e.m.c.i.e.AbstractTransferListenerAdapter - Downloading https://repo.maven.apache.org/maven2/org/slf4j/jul-to-slf4j/1.7.36/jul-to-slf4j-1.7.36-sources.jar
2024-06-20 17:00:59,975 [Worker-3: Building] INFO  o.e.m.c.i.e.AbstractTransferListenerAdapter - Downloading https://repo.maven.apache.org/maven2/org/apache/maven/maven-core/3.1.0/maven-core-3.1.0.pom
2024-06-20 17:01:00,043 [Worker-3: Building] INFO  o.e.m.c.i.e.AbstractTransferListenerAdapter - Downloaded https://repo.maven.apache.org/maven2/org/apache/maven/maven-core/3.1.0/maven-core-3.1.0.pom
2024-06-20 17:01:00,084 [Worker-3: Building] INFO  o.e.m.c.i.e.AbstractTransferListenerAdapter - Downloading https://repo.maven.apache.org/maven2/org/apache/maven/maven-settings/3.1.0/maven-settings-3.1.0.pom
2024-06-20 17:01:00,124 [Worker-3: Building] INFO  o.e.m.c.i.e.AbstractTransferListenerAdapter - Downloaded https://repo.maven.apache.org/maven2/org/apache/maven/maven-settings/3.1.0/maven-settings-3.1.0.pom
2024-06-20 17:01:00,146 [Worker-18: Download sources and javadoc] INFO  o.e.m.c.i.e.AbstractTransferListenerAdapter - Downloaded https://repo.maven.apache.org/maven2/org/slf4j/jul-to-slf4j/1.7.36/jul-to-slf4j-1.7.36-sources.jar
2024-06-20 17:01:00,151 [Worker-18: Download sources and javadoc] INFO  o.e.m.j.internal.DownloadSourcesJob - Downloaded sources for org.slf4j:jul-to-slf4j:1.7.36
2024-06-20 17:01:00,166 [Worker-3: Building] INFO  o.e.m.c.i.e.AbstractTransferListenerAdapter - Downloading https://repo.maven.apache.org/maven2/org/apache/maven/maven-settings-builder/3.1.0/maven-settings-builder-3.1.0.pom
2024-06-20 17:01:00,216 [Worker-18: Download sources and javadoc] INFO  o.e.m.c.i.e.AbstractTransferListenerAdapter - Downloading https://repo.maven.apache.org/maven2/jakarta/annotation/jakarta.annotation-api/1.3.5/jakarta.annotation-api-1.3.5-sources.jar
2024-06-20 17:01:00,221 [Worker-3: Building] INFO  o.e.m.c.i.e.AbstractTransferListenerAdapter - Downloaded https://repo.maven.apache.org/maven2/org/apache/maven/maven-settings-builder/3.1.0/maven-settings-builder-3.1.0.pom
2024-06-20 17:01:00,325 [Worker-3: Building] INFO  o.e.m.c.i.e.AbstractTransferListenerAdapter - Downloading https://repo.maven.apache.org/maven2/org/codehaus/plexus/plexus-interpolation/1.16/plexus-interpolation-1.16.pom
2024-06-20 17:01:00,371 [Worker-3: Building] INFO  o.e.m.c.i.e.AbstractTransferListenerAdapter - Downloaded https://repo.maven.apache.org/maven2/org/codehaus/plexus/plexus-interpolation/1.16/plexus-interpolation-1.16.pom
2024-06-20 17:01:00,417 [Worker-3: Building] INFO  o.e.m.c.i.e.AbstractTransferListenerAdapter - Downloading https://repo.maven.apache.org/maven2/org/codehaus/plexus/plexus-components/1.3/plexus-components-1.3.pom
2024-06-20 17:01:00,463 [Worker-3: Building] INFO  o.e.m.c.i.e.AbstractTransferListenerAdapter - Downloaded https://repo.maven.apache.org/maven2/org/codehaus/plexus/plexus-components/1.3/plexus-components-1.3.pom
2024-06-20 17:01:00,495 [Worker-3: Building] INFO  o.e.m.c.i.e.AbstractTransferListenerAdapter - Downloading https://repo.maven.apache.org/maven2/org/apache/maven/maven-repository-metadata/3.1.0/maven-repository-metadata-3.1.0.pom
2024-06-20 17:01:00,538 [Worker-3: Building] INFO  o.e.m.c.i.e.AbstractTransferListenerAdapter - Downloaded https://repo.maven.apache.org/maven2/org/apache/maven/maven-repository-metadata/3.1.0/maven-repository-metadata-3.1.0.pom
2024-06-20 17:01:00,563 [Worker-3: Building] INFO  o.e.m.c.i.e.AbstractTransferListenerAdapter - Downloading https://repo.maven.apache.org/maven2/org/apache/maven/maven-model-builder/3.1.0/maven-model-builder-3.1.0.pom
2024-06-20 17:01:00,604 [Worker-3: Building] INFO  o.e.m.c.i.e.AbstractTransferListenerAdapter - Downloaded https://repo.maven.apache.org/maven2/org/apache/maven/maven-model-builder/3.1.0/maven-model-builder-3.1.0.pom
2024-06-20 17:01:00,650 [Worker-3: Building] INFO  o.e.m.c.i.e.AbstractTransferListenerAdapter - Downloading https://repo.maven.apache.org/maven2/org/apache/maven/maven-aether-provider/3.1.0/maven-aether-provider-3.1.0.pom
2024-06-20 17:01:00,685 [Worker-3: Building] INFO  o.e.m.c.i.e.AbstractTransferListenerAdapter - Downloaded https://repo.maven.apache.org/maven2/org/apache/maven/maven-aether-provider/3.1.0/maven-aether-provider-3.1.0.pom
2024-06-20 17:01:00,754 [Worker-18: Download sources and javadoc] INFO  o.e.m.c.i.e.AbstractTransferListenerAdapter - Downloaded https://repo.maven.apache.org/maven2/jakarta/annotation/jakarta.annotation-api/1.3.5/jakarta.annotation-api-1.3.5-sources.jar
2024-06-20 17:01:00,759 [Worker-18: Download sources and javadoc] INFO  o.e.m.j.internal.DownloadSourcesJob - Downloaded sources for jakarta.annotation:jakarta.annotation-api:1.3.5
2024-06-20 17:01:00,760 [Worker-3: Building] INFO  o.e.m.c.i.e.AbstractTransferListenerAdapter - Downloading https://repo.maven.apache.org/maven2/org/eclipse/aether/aether-api/0.9.0.M2/aether-api-0.9.0.M2.pom
2024-06-20 17:01:00,814 [Worker-3: Building] INFO  o.e.m.c.i.e.AbstractTransferListenerAdapter - Downloaded https://repo.maven.apache.org/maven2/org/eclipse/aether/aether-api/0.9.0.M2/aether-api-0.9.0.M2.pom
2024-06-20 17:01:00,869 [Worker-3: Building] INFO  o.e.m.c.i.e.AbstractTransferListenerAdapter - Downloading https://repo.maven.apache.org/maven2/org/eclipse/aether/aether/0.9.0.M2/aether-0.9.0.M2.pom
2024-06-20 17:01:00,870 [Worker-18: Download sources and javadoc] INFO  o.e.m.c.i.e.AbstractTransferListenerAdapter - Downloading https://repo.maven.apache.org/maven2/org/springframework/spring-core/5.3.18/spring-core-5.3.18-sources.jar
2024-06-20 17:01:00,923 [Worker-3: Building] INFO  o.e.m.c.i.e.AbstractTransferListenerAdapter - Downloaded https://repo.maven.apache.org/maven2/org/eclipse/aether/aether/0.9.0.M2/aether-0.9.0.M2.pom
2024-06-20 17:01:00,984 [Worker-3: Building] INFO  o.e.m.c.i.e.AbstractTransferListenerAdapter - Downloading https://repo.maven.apache.org/maven2/org/eclipse/aether/aether-spi/0.9.0.M2/aether-spi-0.9.0.M2.pom
2024-06-20 17:01:01,028 [Worker-3: Building] INFO  o.e.m.c.i.e.AbstractTransferListenerAdapter - Downloaded https://repo.maven.apache.org/maven2/org/eclipse/aether/aether-spi/0.9.0.M2/aether-spi-0.9.0.M2.pom
2024-06-20 17:01:01,063 [Worker-18: Download sources and javadoc] INFO  o.e.m.c.i.e.AbstractTransferListenerAdapter - Downloaded https://repo.maven.apache.org/maven2/org/springframework/spring-core/5.3.18/spring-core-5.3.18-sources.jar
2024-06-20 17:01:01,067 [Worker-18: Download sources and javadoc] INFO  o.e.m.j.internal.DownloadSourcesJob - Downloaded sources for org.springframework:spring-core:5.3.18
2024-06-20 17:01:01,083 [Worker-3: Building] INFO  o.e.m.c.i.e.AbstractTransferListenerAdapter - Downloading https://repo.maven.apache.org/maven2/org/eclipse/aether/aether-util/0.9.0.M2/aether-util-0.9.0.M2.pom
2024-06-20 17:01:01,122 [Worker-3: Building] INFO  o.e.m.c.i.e.AbstractTransferListenerAdapter - Downloaded https://repo.maven.apache.org/maven2/org/eclipse/aether/aether-util/0.9.0.M2/aether-util-0.9.0.M2.pom
2024-06-20 17:01:01,160 [Worker-3: Building] INFO  o.e.m.c.i.e.AbstractTransferListenerAdapter - Downloading https://repo.maven.apache.org/maven2/org/eclipse/aether/aether-impl/0.9.0.M2/aether-impl-0.9.0.M2.pom
2024-06-20 17:01:01,160 [Worker-18: Download sources and javadoc] INFO  o.e.m.c.i.e.AbstractTransferListenerAdapter - Downloading https://repo.maven.apache.org/maven2/org/springframework/spring-jcl/5.3.18/spring-jcl-5.3.18-sources.jar
2024-06-20 17:01:01,188 [Worker-3: Building] INFO  o.e.m.c.i.e.AbstractTransferListenerAdapter - Downloaded https://repo.maven.apache.org/maven2/org/eclipse/aether/aether-impl/0.9.0.M2/aether-impl-0.9.0.M2.pom
2024-06-20 17:01:01,235 [Worker-3: Building] INFO  o.e.m.c.i.e.AbstractTransferListenerAdapter - Downloading https://repo.maven.apache.org/maven2/org/codehaus/plexus/plexus-classworlds/2.4.2/plexus-classworlds-2.4.2.pom
2024-06-20 17:01:01,279 [Worker-3: Building] INFO  o.e.m.c.i.e.AbstractTransferListenerAdapter - Downloaded https://repo.maven.apache.org/maven2/org/codehaus/plexus/plexus-classworlds/2.4.2/plexus-classworlds-2.4.2.pom
2024-06-20 17:01:01,317 [Worker-3: Building] INFO  o.e.m.c.i.e.AbstractTransferListenerAdapter - Downloading https://repo.maven.apache.org/maven2/org/codehaus/plexus/plexus/3.0.1/plexus-3.0.1.pom
2024-06-20 17:01:01,361 [Worker-3: Building] INFO  o.e.m.c.i.e.AbstractTransferListenerAdapter - Downloaded https://repo.maven.apache.org/maven2/org/codehaus/plexus/plexus/3.0.1/plexus-3.0.1.pom
2024-06-20 17:01:01,440 [Worker-3: Building] INFO  o.e.m.c.i.e.AbstractTransferListenerAdapter - Downloading https://repo.maven.apache.org/maven2/org/apache/maven/shared/maven-filtering/3.2.0/maven-filtering-3.2.0.pom
2024-06-20 17:01:01,447 [Worker-18: Download sources and javadoc] INFO  o.e.m.c.i.e.AbstractTransferListenerAdapter - Downloaded https://repo.maven.apache.org/maven2/org/springframework/spring-jcl/5.3.18/spring-jcl-5.3.18-sources.jar
2024-06-20 17:01:01,451 [Worker-18: Download sources and javadoc] INFO  o.e.m.j.internal.DownloadSourcesJob - Downloaded sources for org.springframework:spring-jcl:5.3.18
2024-06-20 17:01:01,504 [Worker-3: Building] INFO  o.e.m.c.i.e.AbstractTransferListenerAdapter - Downloaded https://repo.maven.apache.org/maven2/org/apache/maven/shared/maven-filtering/3.2.0/maven-filtering-3.2.0.pom
2024-06-20 17:01:01,552 [Worker-3: Building] INFO  o.e.m.c.i.e.AbstractTransferListenerAdapter - Downloading https://repo.maven.apache.org/maven2/org/apache/maven/shared/maven-shared-utils/3.3.3/maven-shared-utils-3.3.3.pom
2024-06-20 17:01:01,588 [Worker-3: Building] INFO  o.e.m.c.i.e.AbstractTransferListenerAdapter - Downloaded https://repo.maven.apache.org/maven2/org/apache/maven/shared/maven-shared-utils/3.3.3/maven-shared-utils-3.3.3.pom
2024-06-20 17:01:01,608 [Worker-18: Download sources and javadoc] INFO  o.e.m.c.i.e.AbstractTransferListenerAdapter - Downloading https://repo.maven.apache.org/maven2/org/yaml/snakeyaml/1.29/snakeyaml-1.29-sources.jar
2024-06-20 17:01:01,648 [Worker-3: Building] INFO  o.e.m.c.i.e.AbstractTransferListenerAdapter - Downloading https://repo.maven.apache.org/maven2/org/codehaus/plexus/plexus-utils/1.5.8/plexus-utils-1.5.8.pom
2024-06-20 17:01:01,678 [Worker-3: Building] INFO  o.e.m.c.i.e.AbstractTransferListenerAdapter - Downloaded https://repo.maven.apache.org/maven2/org/codehaus/plexus/plexus-utils/1.5.8/plexus-utils-1.5.8.pom
2024-06-20 17:01:01,725 [Worker-18: Download sources and javadoc] INFO  o.e.m.c.i.e.AbstractTransferListenerAdapter - Downloaded https://repo.maven.apache.org/maven2/org/yaml/snakeyaml/1.29/snakeyaml-1.29-sources.jar
2024-06-20 17:01:01,729 [Worker-3: Building] INFO  o.e.m.c.i.e.AbstractTransferListenerAdapter - Downloading https://repo.maven.apache.org/maven2/org/apache/commons/commons-lang3/3.8.1/commons-lang3-3.8.1.pom
2024-06-20 17:01:01,730 [Worker-18: Download sources and javadoc] INFO  o.e.m.j.internal.DownloadSourcesJob - Downloaded sources for org.yaml:snakeyaml:1.29
2024-06-20 17:01:01,798 [Worker-3: Building] INFO  o.e.m.c.i.e.AbstractTransferListenerAdapter - Downloaded https://repo.maven.apache.org/maven2/org/apache/commons/commons-lang3/3.8.1/commons-lang3-3.8.1.pom
2024-06-20 17:01:01,825 [Worker-18: Download sources and javadoc] INFO  o.e.m.c.i.e.AbstractTransferListenerAdapter - Downloading https://repo.maven.apache.org/maven2/org/springframework/boot/spring-boot-starter-json/2.6.6/spring-boot-starter-json-2.6.6-sources.jar
2024-06-20 17:01:01,842 [Worker-3: Building] INFO  o.e.m.c.i.e.AbstractTransferListenerAdapter - Downloading https://repo.maven.apache.org/maven2/org/apache/commons/commons-parent/47/commons-parent-47.pom
2024-06-20 17:01:01,893 [Worker-18: Download sources and javadoc] INFO  o.e.m.c.i.e.AbstractTransferListenerAdapter - Downloaded https://repo.maven.apache.org/maven2/org/springframework/boot/spring-boot-starter-json/2.6.6/spring-boot-starter-json-2.6.6-sources.jar
2024-06-20 17:01:01,897 [Worker-18: Download sources and javadoc] INFO  o.e.m.j.internal.DownloadSourcesJob - Downloaded sources for org.springframework.boot:spring-boot-starter-json:2.6.6
2024-06-20 17:01:01,922 [Worker-3: Building] INFO  o.e.m.c.i.e.AbstractTransferListenerAdapter - Downloaded https://repo.maven.apache.org/maven2/org/apache/commons/commons-parent/47/commons-parent-47.pom
2024-06-20 17:01:02,043 [Worker-3: Building] INFO  o.e.m.c.i.e.AbstractTransferListenerAdapter - Downloading https://repo.maven.apache.org/maven2/org/apache/apache/19/apache-19.pom
2024-06-20 17:01:02,044 [Worker-18: Download sources and javadoc] INFO  o.e.m.c.i.e.AbstractTransferListenerAdapter - Downloading https://repo.maven.apache.org/maven2/com/fasterxml/jackson/core/jackson-databind/2.13.2.2/jackson-databind-2.13.2.2-sources.jar
2024-06-20 17:01:02,086 [Worker-3: Building] INFO  o.e.m.c.i.e.AbstractTransferListenerAdapter - Downloaded https://repo.maven.apache.org/maven2/org/apache/apache/19/apache-19.pom
2024-06-20 17:01:02,212 [Worker-3: Building] INFO  o.e.m.c.i.e.AbstractTransferListenerAdapter - Downloading https://repo.maven.apache.org/maven2/org/apache/maven/maven-plugin-api/3.1.0/maven-plugin-api-3.1.0.jar
2024-06-20 17:01:02,405 [Worker-18: Download sources and javadoc] INFO  o.e.m.c.i.e.AbstractTransferListenerAdapter - Downloaded https://repo.maven.apache.org/maven2/com/fasterxml/jackson/core/jackson-databind/2.13.2.2/jackson-databind-2.13.2.2-sources.jar
2024-06-20 17:01:02,411 [Worker-18: Download sources and javadoc] INFO  o.e.m.j.internal.DownloadSourcesJob - Downloaded sources for com.fasterxml.jackson.core:jackson-databind:2.13.2.2
2024-06-20 17:01:02,555 [Worker-18: Download sources and javadoc] INFO  o.e.m.c.i.e.AbstractTransferListenerAdapter - Downloading https://repo.maven.apache.org/maven2/com/fasterxml/jackson/core/jackson-annotations/2.13.2/jackson-annotations-2.13.2-sources.jar
2024-06-20 17:01:02,623 [Worker-18: Download sources and javadoc] INFO  o.e.m.c.i.e.AbstractTransferListenerAdapter - Downloaded https://repo.maven.apache.org/maven2/com/fasterxml/jackson/core/jackson-annotations/2.13.2/jackson-annotations-2.13.2-sources.jar
2024-06-20 17:01:02,629 [Worker-18: Download sources and javadoc] INFO  o.e.m.j.internal.DownloadSourcesJob - Downloaded sources for com.fasterxml.jackson.core:jackson-annotations:2.13.2
2024-06-20 17:01:02,794 [Worker-3: Building] INFO  o.e.m.c.i.e.AbstractTransferListenerAdapter - Downloaded https://repo.maven.apache.org/maven2/org/apache/maven/maven-plugin-api/3.1.0/maven-plugin-api-3.1.0.jar
2024-06-20 17:01:02,800 [Worker-18: Download sources and javadoc] INFO  o.e.m.c.i.e.AbstractTransferListenerAdapter - Downloading https://repo.maven.apache.org/maven2/com/fasterxml/jackson/core/jackson-core/2.13.2/jackson-core-2.13.2-sources.jar
2024-06-20 17:01:02,816 [BasicRepositoryConnector-repo.maven.apache.org-10-3] INFO  o.e.m.c.i.e.AbstractTransferListenerAdapter - Downloading https://repo.maven.apache.org/maven2/org/apache/maven/maven-settings-builder/3.1.0/maven-settings-builder-3.1.0.jar
2024-06-20 17:01:02,827 [BasicRepositoryConnector-repo.maven.apache.org-10-2] INFO  o.e.m.c.i.e.AbstractTransferListenerAdapter - Downloading https://repo.maven.apache.org/maven2/org/apache/maven/maven-settings/3.1.0/maven-settings-3.1.0.jar
2024-06-20 17:01:02,827 [BasicRepositoryConnector-repo.maven.apache.org-10-0] INFO  o.e.m.c.i.e.AbstractTransferListenerAdapter - Downloading https://repo.maven.apache.org/maven2/org/apache/maven/maven-artifact/3.1.0/maven-artifact-3.1.0.jar
2024-06-20 17:01:02,827 [BasicRepositoryConnector-repo.maven.apache.org-10-4] INFO  o.e.m.c.i.e.AbstractTransferListenerAdapter - Downloading https://repo.maven.apache.org/maven2/org/apache/maven/maven-repository-metadata/3.1.0/maven-repository-metadata-3.1.0.jar
2024-06-20 17:01:02,847 [BasicRepositoryConnector-repo.maven.apache.org-10-1] INFO  o.e.m.c.i.e.AbstractTransferListenerAdapter - Downloading https://repo.maven.apache.org/maven2/org/apache/maven/maven-core/3.1.0/maven-core-3.1.0.jar
2024-06-20 17:01:02,951 [BasicRepositoryConnector-repo.maven.apache.org-10-0] INFO  o.e.m.c.i.e.AbstractTransferListenerAdapter - Downloaded https://repo.maven.apache.org/maven2/org/apache/maven/maven-artifact/3.1.0/maven-artifact-3.1.0.jar
2024-06-20 17:01:03,011 [BasicRepositoryConnector-repo.maven.apache.org-10-0] INFO  o.e.m.c.i.e.AbstractTransferListenerAdapter - Downloading https://repo.maven.apache.org/maven2/org/apache/maven/maven-model-builder/3.1.0/maven-model-builder-3.1.0.jar
2024-06-20 17:01:03,073 [Worker-18: Download sources and javadoc] INFO  o.e.m.c.i.e.AbstractTransferListenerAdapter - Downloaded https://repo.maven.apache.org/maven2/com/fasterxml/jackson/core/jackson-core/2.13.2/jackson-core-2.13.2-sources.jar
2024-06-20 17:01:03,089 [Worker-18: Download sources and javadoc] INFO  o.e.m.j.internal.DownloadSourcesJob - Downloaded sources for com.fasterxml.jackson.core:jackson-core:2.13.2
2024-06-20 17:01:03,168 [Worker-18: Download sources and javadoc] INFO  o.e.m.c.i.e.AbstractTransferListenerAdapter - Downloading https://repo.maven.apache.org/maven2/com/fasterxml/jackson/datatype/jackson-datatype-jdk8/2.13.2/jackson-datatype-jdk8-2.13.2-sources.jar
2024-06-20 17:01:03,225 [BasicRepositoryConnector-repo.maven.apache.org-10-0] INFO  o.e.m.c.i.e.AbstractTransferListenerAdapter - Downloaded https://repo.maven.apache.org/maven2/org/apache/maven/maven-model-builder/3.1.0/maven-model-builder-3.1.0.jar
2024-06-20 17:01:03,247 [BasicRepositoryConnector-repo.maven.apache.org-10-0] INFO  o.e.m.c.i.e.AbstractTransferListenerAdapter - Downloading https://repo.maven.apache.org/maven2/org/apache/maven/maven-aether-provider/3.1.0/maven-aether-provider-3.1.0.jar
2024-06-20 17:01:03,275 [BasicRepositoryConnector-repo.maven.apache.org-10-1] INFO  o.e.m.c.i.e.AbstractTransferListenerAdapter - Downloaded https://repo.maven.apache.org/maven2/org/apache/maven/maven-core/3.1.0/maven-core-3.1.0.jar
2024-06-20 17:01:03,302 [BasicRepositoryConnector-repo.maven.apache.org-10-1] INFO  o.e.m.c.i.e.AbstractTransferListenerAdapter - Downloading https://repo.maven.apache.org/maven2/org/eclipse/aether/aether-spi/0.9.0.M2/aether-spi-0.9.0.M2.jar
2024-06-20 17:01:03,382 [BasicRepositoryConnector-repo.maven.apache.org-10-0] INFO  o.e.m.c.i.e.AbstractTransferListenerAdapter - Downloaded https://repo.maven.apache.org/maven2/org/apache/maven/maven-aether-provider/3.1.0/maven-aether-provider-3.1.0.jar
2024-06-20 17:01:03,400 [BasicRepositoryConnector-repo.maven.apache.org-10-0] INFO  o.e.m.c.i.e.AbstractTransferListenerAdapter - Downloading https://repo.maven.apache.org/maven2/org/eclipse/aether/aether-impl/0.9.0.M2/aether-impl-0.9.0.M2.jar
2024-06-20 17:01:03,525 [BasicRepositoryConnector-repo.maven.apache.org-10-4] INFO  o.e.m.c.i.e.AbstractTransferListenerAdapter - Downloaded https://repo.maven.apache.org/maven2/org/apache/maven/maven-repository-metadata/3.1.0/maven-repository-metadata-3.1.0.jar
2024-06-20 17:01:03,551 [BasicRepositoryConnector-repo.maven.apache.org-10-4] INFO  o.e.m.c.i.e.AbstractTransferListenerAdapter - Downloading https://repo.maven.apache.org/maven2/org/eclipse/aether/aether-api/0.9.0.M2/aether-api-0.9.0.M2.jar
2024-06-20 17:01:03,554 [BasicRepositoryConnector-repo.maven.apache.org-10-0] INFO  o.e.m.c.i.e.AbstractTransferListenerAdapter - Downloaded https://repo.maven.apache.org/maven2/org/eclipse/aether/aether-impl/0.9.0.M2/aether-impl-0.9.0.M2.jar
2024-06-20 17:01:03,593 [BasicRepositoryConnector-repo.maven.apache.org-10-0] INFO  o.e.m.c.i.e.AbstractTransferListenerAdapter - Downloading https://repo.maven.apache.org/maven2/org/eclipse/aether/aether-util/0.9.0.M2/aether-util-0.9.0.M2.jar
2024-06-20 17:01:03,705 [BasicRepositoryConnector-repo.maven.apache.org-10-4] INFO  o.e.m.c.i.e.AbstractTransferListenerAdapter - Downloaded https://repo.maven.apache.org/maven2/org/eclipse/aether/aether-api/0.9.0.M2/aether-api-0.9.0.M2.jar
2024-06-20 17:01:03,724 [BasicRepositoryConnector-repo.maven.apache.org-10-4] INFO  o.e.m.c.i.e.AbstractTransferListenerAdapter - Downloading https://repo.maven.apache.org/maven2/org/codehaus/plexus/plexus-utils/3.0.10/plexus-utils-3.0.10.jar
2024-06-20 17:01:03,742 [BasicRepositoryConnector-repo.maven.apache.org-10-0] INFO  o.e.m.c.i.e.AbstractTransferListenerAdapter - Downloaded https://repo.maven.apache.org/maven2/org/eclipse/aether/aether-util/0.9.0.M2/aether-util-0.9.0.M2.jar
2024-06-20 17:01:03,761 [BasicRepositoryConnector-repo.maven.apache.org-10-0] INFO  o.e.m.c.i.e.AbstractTransferListenerAdapter - Downloading https://repo.maven.apache.org/maven2/org/codehaus/plexus/plexus-classworlds/2.4.2/plexus-classworlds-2.4.2.jar
2024-06-20 17:01:03,995 [BasicRepositoryConnector-repo.maven.apache.org-10-4] INFO  o.e.m.c.i.e.AbstractTransferListenerAdapter - Downloaded https://repo.maven.apache.org/maven2/org/codehaus/plexus/plexus-utils/3.0.10/plexus-utils-3.0.10.jar
2024-06-20 17:01:04,015 [BasicRepositoryConnector-repo.maven.apache.org-10-4] INFO  o.e.m.c.i.e.AbstractTransferListenerAdapter - Downloading https://repo.maven.apache.org/maven2/org/apache/maven/maven-model/3.1.0/maven-model-3.1.0.jar
2024-06-20 17:01:04,102 [BasicRepositoryConnector-repo.maven.apache.org-10-2] INFO  o.e.m.c.i.e.AbstractTransferListenerAdapter - Downloaded https://repo.maven.apache.org/maven2/org/apache/maven/maven-settings/3.1.0/maven-settings-3.1.0.jar
2024-06-20 17:01:04,126 [BasicRepositoryConnector-repo.maven.apache.org-10-2] INFO  o.e.m.c.i.e.AbstractTransferListenerAdapter - Downloading https://repo.maven.apache.org/maven2/org/codehaus/plexus/plexus-component-annotations/2.0.0/plexus-component-annotations-2.0.0.jar
2024-06-20 17:01:04,174 [BasicRepositoryConnector-repo.maven.apache.org-10-4] INFO  o.e.m.c.i.e.AbstractTransferListenerAdapter - Downloaded https://repo.maven.apache.org/maven2/org/apache/maven/maven-model/3.1.0/maven-model-3.1.0.jar
2024-06-20 17:01:04,177 [BasicRepositoryConnector-repo.maven.apache.org-10-1] INFO  o.e.m.c.i.e.AbstractTransferListenerAdapter - Downloaded https://repo.maven.apache.org/maven2/org/eclipse/aether/aether-spi/0.9.0.M2/aether-spi-0.9.0.M2.jar
2024-06-20 17:01:04,185 [Worker-18: Download sources and javadoc] INFO  o.e.m.c.i.e.AbstractTransferListenerAdapter - Downloaded https://repo.maven.apache.org/maven2/com/fasterxml/jackson/datatype/jackson-datatype-jdk8/2.13.2/jackson-datatype-jdk8-2.13.2-sources.jar
2024-06-20 17:01:04,191 [Worker-18: Download sources and javadoc] INFO  o.e.m.j.internal.DownloadSourcesJob - Downloaded sources for com.fasterxml.jackson.datatype:jackson-datatype-jdk8:2.13.2
2024-06-20 17:01:04,193 [BasicRepositoryConnector-repo.maven.apache.org-10-4] INFO  o.e.m.c.i.e.AbstractTransferListenerAdapter - Downloading https://repo.maven.apache.org/maven2/org/eclipse/sisu/org.eclipse.sisu.plexus/0.0.0.M2a/org.eclipse.sisu.plexus-0.0.0.M2a.jar
2024-06-20 17:01:04,194 [BasicRepositoryConnector-repo.maven.apache.org-10-1] INFO  o.e.m.c.i.e.AbstractTransferListenerAdapter - Downloading https://repo.maven.apache.org/maven2/javax/enterprise/cdi-api/1.0/cdi-api-1.0.jar
2024-06-20 17:01:04,309 [Worker-18: Download sources and javadoc] INFO  o.e.m.c.i.e.AbstractTransferListenerAdapter - Downloading https://repo.maven.apache.org/maven2/com/fasterxml/jackson/datatype/jackson-datatype-jsr310/2.13.2/jackson-datatype-jsr310-2.13.2-sources.jar
2024-06-20 17:01:04,367 [BasicRepositoryConnector-repo.maven.apache.org-10-3] INFO  o.e.m.c.i.e.AbstractTransferListenerAdapter - Downloaded https://repo.maven.apache.org/maven2/org/apache/maven/maven-settings-builder/3.1.0/maven-settings-builder-3.1.0.jar
2024-06-20 17:01:04,389 [BasicRepositoryConnector-repo.maven.apache.org-10-3] INFO  o.e.m.c.i.e.AbstractTransferListenerAdapter - Downloading https://repo.maven.apache.org/maven2/javax/annotation/jsr250-api/1.0/jsr250-api-1.0.jar
2024-06-20 17:01:04,419 [BasicRepositoryConnector-repo.maven.apache.org-10-2] INFO  o.e.m.c.i.e.AbstractTransferListenerAdapter - Downloaded https://repo.maven.apache.org/maven2/org/codehaus/plexus/plexus-component-annotations/2.0.0/plexus-component-annotations-2.0.0.jar
2024-06-20 17:01:04,446 [BasicRepositoryConnector-repo.maven.apache.org-10-4] INFO  o.e.m.c.i.e.AbstractTransferListenerAdapter - Downloaded https://repo.maven.apache.org/maven2/org/eclipse/sisu/org.eclipse.sisu.plexus/0.0.0.M2a/org.eclipse.sisu.plexus-0.0.0.M2a.jar
2024-06-20 17:01:04,505 [BasicRepositoryConnector-repo.maven.apache.org-10-4] INFO  o.e.m.c.i.e.AbstractTransferListenerAdapter - Downloading https://repo.maven.apache.org/maven2/com/google/code/findbugs/jsr305/1.3.9/jsr305-1.3.9.jar
2024-06-20 17:01:04,508 [BasicRepositoryConnector-repo.maven.apache.org-10-2] INFO  o.e.m.c.i.e.AbstractTransferListenerAdapter - Downloading https://repo.maven.apache.org/maven2/com/google/guava/guava/10.0.1/guava-10.0.1.jar
2024-06-20 17:01:04,589 [Worker-18: Download sources and javadoc] INFO  o.e.m.c.i.e.AbstractTransferListenerAdapter - Downloaded https://repo.maven.apache.org/maven2/com/fasterxml/jackson/datatype/jackson-datatype-jsr310/2.13.2/jackson-datatype-jsr310-2.13.2-sources.jar
2024-06-20 17:01:04,596 [Worker-18: Download sources and javadoc] INFO  o.e.m.j.internal.DownloadSourcesJob - Downloaded sources for com.fasterxml.jackson.datatype:jackson-datatype-jsr310:2.13.2
2024-06-20 17:01:04,707 [Worker-18: Download sources and javadoc] INFO  o.e.m.c.i.e.AbstractTransferListenerAdapter - Downloading https://repo.maven.apache.org/maven2/com/fasterxml/jackson/module/jackson-module-parameter-names/2.13.2/jackson-module-parameter-names-2.13.2-sources.jar
2024-06-20 17:01:04,768 [BasicRepositoryConnector-repo.maven.apache.org-10-3] INFO  o.e.m.c.i.e.AbstractTransferListenerAdapter - Downloaded https://repo.maven.apache.org/maven2/javax/annotation/jsr250-api/1.0/jsr250-api-1.0.jar
2024-06-20 17:01:04,787 [BasicRepositoryConnector-repo.maven.apache.org-10-3] INFO  o.e.m.c.i.e.AbstractTransferListenerAdapter - Downloading https://repo.maven.apache.org/maven2/org/sonatype/sisu/sisu-guice/3.1.0/sisu-guice-3.1.0-no_aop.jar
2024-06-20 17:01:05,003 [Worker-18: Download sources and javadoc] INFO  o.e.m.c.i.e.AbstractTransferListenerAdapter - Downloaded https://repo.maven.apache.org/maven2/com/fasterxml/jackson/module/jackson-module-parameter-names/2.13.2/jackson-module-parameter-names-2.13.2-sources.jar
2024-06-20 17:01:05,009 [Worker-18: Download sources and javadoc] INFO  o.e.m.j.internal.DownloadSourcesJob - Downloaded sources for com.fasterxml.jackson.module:jackson-module-parameter-names:2.13.2
2024-06-20 17:01:05,080 [BasicRepositoryConnector-repo.maven.apache.org-10-2] INFO  o.e.m.c.i.e.AbstractTransferListenerAdapter - Downloaded https://repo.maven.apache.org/maven2/com/google/guava/guava/10.0.1/guava-10.0.1.jar
2024-06-20 17:01:05,091 [Worker-18: Download sources and javadoc] INFO  o.e.m.c.i.e.AbstractTransferListenerAdapter - Downloading https://repo.maven.apache.org/maven2/org/springframework/boot/spring-boot-starter-tomcat/2.6.6/spring-boot-starter-tomcat-2.6.6-sources.jar
2024-06-20 17:01:05,094 [BasicRepositoryConnector-repo.maven.apache.org-10-3] INFO  o.e.m.c.i.e.AbstractTransferListenerAdapter - Downloaded https://repo.maven.apache.org/maven2/org/sonatype/sisu/sisu-guice/3.1.0/sisu-guice-3.1.0-no_aop.jar
2024-06-20 17:01:05,099 [BasicRepositoryConnector-repo.maven.apache.org-10-2] INFO  o.e.m.c.i.e.AbstractTransferListenerAdapter - Downloading https://repo.maven.apache.org/maven2/aopalliance/aopalliance/1.0/aopalliance-1.0.jar
2024-06-20 17:01:05,118 [BasicRepositoryConnector-repo.maven.apache.org-10-3] INFO  o.e.m.c.i.e.AbstractTransferListenerAdapter - Downloading https://repo.maven.apache.org/maven2/org/eclipse/sisu/org.eclipse.sisu.inject/0.0.0.M2a/org.eclipse.sisu.inject-0.0.0.M2a.jar
2024-06-20 17:01:05,160 [BasicRepositoryConnector-repo.maven.apache.org-10-2] INFO  o.e.m.c.i.e.AbstractTransferListenerAdapter - Downloaded https://repo.maven.apache.org/maven2/aopalliance/aopalliance/1.0/aopalliance-1.0.jar
2024-06-20 17:01:05,191 [BasicRepositoryConnector-repo.maven.apache.org-10-2] INFO  o.e.m.c.i.e.AbstractTransferListenerAdapter - Downloading https://repo.maven.apache.org/maven2/asm/asm/3.3.1/asm-3.3.1.jar
2024-06-20 17:01:05,298 [Worker-18: Download sources and javadoc] INFO  o.e.m.c.i.e.AbstractTransferListenerAdapter - Downloaded https://repo.maven.apache.org/maven2/org/springframework/boot/spring-boot-starter-tomcat/2.6.6/spring-boot-starter-tomcat-2.6.6-sources.jar
2024-06-20 17:01:05,303 [Worker-18: Download sources and javadoc] INFO  o.e.m.j.internal.DownloadSourcesJob - Downloaded sources for org.springframework.boot:spring-boot-starter-tomcat:2.6.6
2024-06-20 17:01:05,343 [BasicRepositoryConnector-repo.maven.apache.org-10-3] INFO  o.e.m.c.i.e.AbstractTransferListenerAdapter - Downloaded https://repo.maven.apache.org/maven2/org/eclipse/sisu/org.eclipse.sisu.inject/0.0.0.M2a/org.eclipse.sisu.inject-0.0.0.M2a.jar
2024-06-20 17:01:05,368 [BasicRepositoryConnector-repo.maven.apache.org-10-3] INFO  o.e.m.c.i.e.AbstractTransferListenerAdapter - Downloading https://repo.maven.apache.org/maven2/org/apache/maven/shared/maven-filtering/3.2.0/maven-filtering-3.2.0.jar
2024-06-20 17:01:05,412 [Worker-18: Download sources and javadoc] INFO  o.e.m.c.i.e.AbstractTransferListenerAdapter - Downloading https://repo.maven.apache.org/maven2/org/apache/tomcat/embed/tomcat-embed-core/9.0.60/tomcat-embed-core-9.0.60-sources.jar
2024-06-20 17:01:05,428 [BasicRepositoryConnector-repo.maven.apache.org-10-3] INFO  o.e.m.c.i.e.AbstractTransferListenerAdapter - Downloaded https://repo.maven.apache.org/maven2/org/apache/maven/shared/maven-filtering/3.2.0/maven-filtering-3.2.0.jar
2024-06-20 17:01:05,488 [BasicRepositoryConnector-repo.maven.apache.org-10-3] INFO  o.e.m.c.i.e.AbstractTransferListenerAdapter - Downloading https://repo.maven.apache.org/maven2/org/apache/maven/shared/maven-shared-utils/3.3.3/maven-shared-utils-3.3.3.jar
2024-06-20 17:01:05,558 [BasicRepositoryConnector-repo.maven.apache.org-10-0] INFO  o.e.m.c.i.e.AbstractTransferListenerAdapter - Downloaded https://repo.maven.apache.org/maven2/org/codehaus/plexus/plexus-classworlds/2.4.2/plexus-classworlds-2.4.2.jar
2024-06-20 17:01:05,609 [BasicRepositoryConnector-repo.maven.apache.org-10-0] INFO  o.e.m.c.i.e.AbstractTransferListenerAdapter - Downloading https://repo.maven.apache.org/maven2/org/apache/commons/commons-lang3/3.8.1/commons-lang3-3.8.1.jar
2024-06-20 17:01:05,734 [BasicRepositoryConnector-repo.maven.apache.org-10-3] INFO  o.e.m.c.i.e.AbstractTransferListenerAdapter - Downloaded https://repo.maven.apache.org/maven2/org/apache/maven/shared/maven-shared-utils/3.3.3/maven-shared-utils-3.3.3.jar
2024-06-20 17:01:05,943 [BasicRepositoryConnector-repo.maven.apache.org-10-0] INFO  o.e.m.c.i.e.AbstractTransferListenerAdapter - Downloaded https://repo.maven.apache.org/maven2/org/apache/commons/commons-lang3/3.8.1/commons-lang3-3.8.1.jar
2024-06-20 17:01:06,183 [BasicRepositoryConnector-repo.maven.apache.org-10-2] INFO  o.e.m.c.i.e.AbstractTransferListenerAdapter - Downloaded https://repo.maven.apache.org/maven2/asm/asm/3.3.1/asm-3.3.1.jar
2024-06-20 17:01:06,191 [Worker-18: Download sources and javadoc] INFO  o.e.m.c.i.e.AbstractTransferListenerAdapter - Downloaded https://repo.maven.apache.org/maven2/org/apache/tomcat/embed/tomcat-embed-core/9.0.60/tomcat-embed-core-9.0.60-sources.jar
2024-06-20 17:01:06,196 [Worker-18: Download sources and javadoc] INFO  o.e.m.j.internal.DownloadSourcesJob - Downloaded sources for org.apache.tomcat.embed:tomcat-embed-core:9.0.60
2024-06-20 17:01:06,272 [Worker-18: Download sources and javadoc] INFO  o.e.m.c.i.e.AbstractTransferListenerAdapter - Downloading https://repo.maven.apache.org/maven2/org/apache/tomcat/embed/tomcat-embed-el/9.0.60/tomcat-embed-el-9.0.60-sources.jar
2024-06-20 17:01:06,476 [Worker-18: Download sources and javadoc] INFO  o.e.m.c.i.e.AbstractTransferListenerAdapter - Downloaded https://repo.maven.apache.org/maven2/org/apache/tomcat/embed/tomcat-embed-el/9.0.60/tomcat-embed-el-9.0.60-sources.jar
2024-06-20 17:01:06,481 [Worker-18: Download sources and javadoc] INFO  o.e.m.j.internal.DownloadSourcesJob - Downloaded sources for org.apache.tomcat.embed:tomcat-embed-el:9.0.60
2024-06-20 17:01:06,577 [Worker-18: Download sources and javadoc] INFO  o.e.m.c.i.e.AbstractTransferListenerAdapter - Downloading https://repo.maven.apache.org/maven2/org/apache/tomcat/embed/tomcat-embed-websocket/9.0.60/tomcat-embed-websocket-9.0.60-sources.jar
2024-06-20 17:01:06,678 [Worker-18: Download sources and javadoc] INFO  o.e.m.c.i.e.AbstractTransferListenerAdapter - Downloaded https://repo.maven.apache.org/maven2/org/apache/tomcat/embed/tomcat-embed-websocket/9.0.60/tomcat-embed-websocket-9.0.60-sources.jar
2024-06-20 17:01:06,684 [Worker-18: Download sources and javadoc] INFO  o.e.m.j.internal.DownloadSourcesJob - Downloaded sources for org.apache.tomcat.embed:tomcat-embed-websocket:9.0.60
2024-06-20 17:01:06,759 [BasicRepositoryConnector-repo.maven.apache.org-10-4] INFO  o.e.m.c.i.e.AbstractTransferListenerAdapter - Downloaded https://repo.maven.apache.org/maven2/com/google/code/findbugs/jsr305/1.3.9/jsr305-1.3.9.jar
2024-06-20 17:01:06,785 [BasicRepositoryConnector-repo.maven.apache.org-10-1] INFO  o.e.m.c.i.e.AbstractTransferListenerAdapter - Downloaded https://repo.maven.apache.org/maven2/javax/enterprise/cdi-api/1.0/cdi-api-1.0.jar
2024-06-20 17:01:06,797 [Worker-18: Download sources and javadoc] INFO  o.e.m.c.i.e.AbstractTransferListenerAdapter - Downloading https://repo.maven.apache.org/maven2/org/springframework/spring-web/5.3.18/spring-web-5.3.18-sources.jar
2024-06-20 17:01:07,189 [Worker-18: Download sources and javadoc] INFO  o.e.m.c.i.e.AbstractTransferListenerAdapter - Downloaded https://repo.maven.apache.org/maven2/org/springframework/spring-web/5.3.18/spring-web-5.3.18-sources.jar
2024-06-20 17:01:07,194 [Worker-18: Download sources and javadoc] INFO  o.e.m.j.internal.DownloadSourcesJob - Downloaded sources for org.springframework:spring-web:5.3.18
2024-06-20 17:01:07,287 [Worker-18: Download sources and javadoc] INFO  o.e.m.c.i.e.AbstractTransferListenerAdapter - Downloading https://repo.maven.apache.org/maven2/org/springframework/spring-beans/5.3.18/spring-beans-5.3.18-sources.jar
2024-06-20 17:01:07,489 [Worker-18: Download sources and javadoc] INFO  o.e.m.c.i.e.AbstractTransferListenerAdapter - Downloaded https://repo.maven.apache.org/maven2/org/springframework/spring-beans/5.3.18/spring-beans-5.3.18-sources.jar
2024-06-20 17:01:07,494 [Worker-18: Download sources and javadoc] INFO  o.e.m.j.internal.DownloadSourcesJob - Downloaded sources for org.springframework:spring-beans:5.3.18
2024-06-20 17:01:07,575 [Worker-18: Download sources and javadoc] INFO  o.e.m.c.i.e.AbstractTransferListenerAdapter - Downloading https://repo.maven.apache.org/maven2/org/springframework/spring-webmvc/5.3.18/spring-webmvc-5.3.18-sources.jar
2024-06-20 17:01:07,651 [Worker-3: Building] INFO  o.e.m.c.i.embedder.EclipseLogger - Using 'UTF-8' encoding to copy filtered resources.
2024-06-20 17:01:07,651 [Worker-3: Building] INFO  o.e.m.c.i.embedder.EclipseLogger - Using 'UTF-8' encoding to copy filtered properties files.
2024-06-20 17:01:07,652 [Worker-3: Building] INFO  o.e.m.c.i.embedder.EclipseLogger - Copying 1 resource
2024-06-20 17:01:07,674 [Worker-3: Building] INFO  o.e.m.c.i.embedder.EclipseLogger - Copying 0 resource
2024-06-20 17:01:07,680 [Worker-3: Building] INFO  o.e.m.c.i.embedder.EclipseLogger - Using 'UTF-8' encoding to copy filtered resources.
2024-06-20 17:01:07,680 [Worker-3: Building] INFO  o.e.m.c.i.embedder.EclipseLogger - Using 'UTF-8' encoding to copy filtered properties files.
2024-06-20 17:01:07,681 [Worker-3: Building] INFO  o.e.m.c.i.embedder.EclipseLogger - Copying 0 resource
2024-06-20 17:01:07,718 [Worker-3: Building] INFO  o.e.m.c.i.e.AbstractTransferListenerAdapter - Downloading https://repo.maven.apache.org/maven2/org/apache/maven/plugins/maven-surefire-plugin/2.22.2/maven-surefire-plugin-2.22.2.pom
2024-06-20 17:01:07,771 [Worker-3: Building] INFO  o.e.m.c.i.e.AbstractTransferListenerAdapter - Downloaded https://repo.maven.apache.org/maven2/org/apache/maven/plugins/maven-surefire-plugin/2.22.2/maven-surefire-plugin-2.22.2.pom
2024-06-20 17:01:07,805 [Worker-18: Download sources and javadoc] INFO  o.e.m.c.i.e.AbstractTransferListenerAdapter - Downloaded https://repo.maven.apache.org/maven2/org/springframework/spring-webmvc/5.3.18/spring-webmvc-5.3.18-sources.jar
2024-06-20 17:01:07,809 [Worker-18: Download sources and javadoc] INFO  o.e.m.j.internal.DownloadSourcesJob - Downloaded sources for org.springframework:spring-webmvc:5.3.18
2024-06-20 17:01:07,817 [Worker-3: Building] INFO  o.e.m.c.i.e.AbstractTransferListenerAdapter - Downloading https://repo.maven.apache.org/maven2/org/apache/maven/surefire/surefire/2.22.2/surefire-2.22.2.pom
2024-06-20 17:01:07,853 [Worker-3: Building] INFO  o.e.m.c.i.e.AbstractTransferListenerAdapter - Downloaded https://repo.maven.apache.org/maven2/org/apache/maven/surefire/surefire/2.22.2/surefire-2.22.2.pom
2024-06-20 17:01:07,876 [Worker-18: Download sources and javadoc] INFO  o.e.m.c.i.e.AbstractTransferListenerAdapter - Downloading https://repo.maven.apache.org/maven2/org/springframework/spring-aop/5.3.18/spring-aop-5.3.18-sources.jar
2024-06-20 17:01:07,904 [Worker-3: Building] INFO  o.e.m.c.i.e.AbstractTransferListenerAdapter - Downloading https://repo.maven.apache.org/maven2/org/apache/maven/shared/file-management/3.0.0/file-management-3.0.0.pom
2024-06-20 17:01:07,940 [Worker-3: Building] INFO  o.e.m.c.i.e.AbstractTransferListenerAdapter - Downloaded https://repo.maven.apache.org/maven2/org/apache/maven/shared/file-management/3.0.0/file-management-3.0.0.pom
2024-06-20 17:01:07,988 [Worker-3: Building] INFO  o.e.m.c.i.e.AbstractTransferListenerAdapter - Downloading https://repo.maven.apache.org/maven2/org/apache/maven/shared/maven-shared-io/3.0.0/maven-shared-io-3.0.0.pom
2024-06-20 17:01:07,999 [Worker-18: Download sources and javadoc] INFO  o.e.m.c.i.e.AbstractTransferListenerAdapter - Downloaded https://repo.maven.apache.org/maven2/org/springframework/spring-aop/5.3.18/spring-aop-5.3.18-sources.jar
2024-06-20 17:01:08,005 [Worker-18: Download sources and javadoc] INFO  o.e.m.j.internal.DownloadSourcesJob - Downloaded sources for org.springframework:spring-aop:5.3.18
2024-06-20 17:01:08,043 [Worker-3: Building] INFO  o.e.m.c.i.e.AbstractTransferListenerAdapter - Downloaded https://repo.maven.apache.org/maven2/org/apache/maven/shared/maven-shared-io/3.0.0/maven-shared-io-3.0.0.pom
2024-06-20 17:01:08,068 [Worker-3: Building] INFO  o.e.m.c.i.e.AbstractTransferListenerAdapter - Downloading https://repo.maven.apache.org/maven2/org/apache/maven/maven-compat/3.0/maven-compat-3.0.pom
2024-06-20 17:01:08,068 [Worker-18: Download sources and javadoc] INFO  o.e.m.c.i.e.AbstractTransferListenerAdapter - Downloading https://repo.maven.apache.org/maven2/org/springframework/spring-context/5.3.18/spring-context-5.3.18-sources.jar
2024-06-20 17:01:08,097 [Worker-3: Building] INFO  o.e.m.c.i.e.AbstractTransferListenerAdapter - Downloaded https://repo.maven.apache.org/maven2/org/apache/maven/maven-compat/3.0/maven-compat-3.0.pom
2024-06-20 17:01:08,127 [Worker-3: Building] INFO  o.e.m.c.i.e.AbstractTransferListenerAdapter - Downloading https://repo.maven.apache.org/maven2/org/apache/maven/wagon/wagon-provider-api/1.0-beta-6/wagon-provider-api-1.0-beta-6.pom
2024-06-20 17:01:08,155 [Worker-3: Building] INFO  o.e.m.c.i.e.AbstractTransferListenerAdapter - Downloaded https://repo.maven.apache.org/maven2/org/apache/maven/wagon/wagon-provider-api/1.0-beta-6/wagon-provider-api-1.0-beta-6.pom
2024-06-20 17:01:08,182 [Worker-3: Building] INFO  o.e.m.c.i.e.AbstractTransferListenerAdapter - Downloading https://repo.maven.apache.org/maven2/org/apache/maven/wagon/wagon/1.0-beta-6/wagon-1.0-beta-6.pom
2024-06-20 17:01:08,223 [Worker-3: Building] INFO  o.e.m.c.i.e.AbstractTransferListenerAdapter - Downloaded https://repo.maven.apache.org/maven2/org/apache/maven/wagon/wagon/1.0-beta-6/wagon-1.0-beta-6.pom
2024-06-20 17:01:08,233 [Worker-18: Download sources and javadoc] INFO  o.e.m.c.i.e.AbstractTransferListenerAdapter - Downloaded https://repo.maven.apache.org/maven2/org/springframework/spring-context/5.3.18/spring-context-5.3.18-sources.jar
2024-06-20 17:01:08,237 [Worker-18: Download sources and javadoc] INFO  o.e.m.j.internal.DownloadSourcesJob - Downloaded sources for org.springframework:spring-context:5.3.18
2024-06-20 17:01:08,269 [Worker-3: Building] INFO  o.e.m.c.i.e.AbstractTransferListenerAdapter - Downloading https://repo.maven.apache.org/maven2/org/codehaus/plexus/plexus-utils/1.4.2/plexus-utils-1.4.2.pom
2024-06-20 17:01:08,293 [Worker-18: Download sources and javadoc] INFO  o.e.m.c.i.e.AbstractTransferListenerAdapter - Downloading https://repo.maven.apache.org/maven2/org/springframework/spring-expression/5.3.18/spring-expression-5.3.18-sources.jar
2024-06-20 17:01:08,300 [Worker-3: Building] INFO  o.e.m.c.i.e.AbstractTransferListenerAdapter - Downloaded https://repo.maven.apache.org/maven2/org/codehaus/plexus/plexus-utils/1.4.2/plexus-utils-1.4.2.pom
2024-06-20 17:01:08,323 [Worker-3: Building] INFO  o.e.m.c.i.e.AbstractTransferListenerAdapter - Downloading https://repo.maven.apache.org/maven2/org/apache/maven/wagon/wagon-provider-api/2.10/wagon-provider-api-2.10.pom
2024-06-20 17:01:08,354 [Worker-3: Building] INFO  o.e.m.c.i.e.AbstractTransferListenerAdapter - Downloaded https://repo.maven.apache.org/maven2/org/apache/maven/wagon/wagon-provider-api/2.10/wagon-provider-api-2.10.pom
2024-06-20 17:01:08,378 [Worker-3: Building] INFO  o.e.m.c.i.e.AbstractTransferListenerAdapter - Downloading https://repo.maven.apache.org/maven2/org/apache/maven/wagon/wagon/2.10/wagon-2.10.pom
2024-06-20 17:01:08,392 [Worker-18: Download sources and javadoc] INFO  o.e.m.c.i.e.AbstractTransferListenerAdapter - Downloaded https://repo.maven.apache.org/maven2/org/springframework/spring-expression/5.3.18/spring-expression-5.3.18-sources.jar
2024-06-20 17:01:08,397 [Worker-18: Download sources and javadoc] INFO  o.e.m.j.internal.DownloadSourcesJob - Downloaded sources for org.springframework:spring-expression:5.3.18
2024-06-20 17:01:08,429 [Worker-3: Building] INFO  o.e.m.c.i.e.AbstractTransferListenerAdapter - Downloaded https://repo.maven.apache.org/maven2/org/apache/maven/wagon/wagon/2.10/wagon-2.10.pom
2024-06-20 17:01:08,464 [Worker-18: Download sources and javadoc] INFO  o.e.m.c.i.e.AbstractTransferListenerAdapter - Downloading https://repo.maven.apache.org/maven2/org/springframework/boot/spring-boot-starter-mail/2.6.6/spring-boot-starter-mail-2.6.6-sources.jar
2024-06-20 17:01:08,467 [Worker-3: Building] INFO  o.e.m.c.i.e.AbstractTransferListenerAdapter - Downloading https://repo.maven.apache.org/maven2/org/apache/maven/maven-parent/26/maven-parent-26.pom
2024-06-20 17:01:08,524 [Worker-3: Building] INFO  o.e.m.c.i.e.AbstractTransferListenerAdapter - Downloaded https://repo.maven.apache.org/maven2/org/apache/maven/maven-parent/26/maven-parent-26.pom
2024-06-20 17:01:08,533 [Worker-18: Download sources and javadoc] INFO  o.e.m.c.i.e.AbstractTransferListenerAdapter - Downloaded https://repo.maven.apache.org/maven2/org/springframework/boot/spring-boot-starter-mail/2.6.6/spring-boot-starter-mail-2.6.6-sources.jar
2024-06-20 17:01:08,538 [Worker-18: Download sources and javadoc] INFO  o.e.m.j.internal.DownloadSourcesJob - Downloaded sources for org.springframework.boot:spring-boot-starter-mail:2.6.6
2024-06-20 17:01:08,575 [Worker-3: Building] INFO  o.e.m.c.i.e.AbstractTransferListenerAdapter - Downloading https://repo.maven.apache.org/maven2/org/codehaus/plexus/plexus-utils/3.0.15/plexus-utils-3.0.15.pom
2024-06-20 17:01:08,601 [Worker-3: Building] INFO  o.e.m.c.i.e.AbstractTransferListenerAdapter - Downloaded https://repo.maven.apache.org/maven2/org/codehaus/plexus/plexus-utils/3.0.15/plexus-utils-3.0.15.pom
2024-06-20 17:01:08,617 [Worker-18: Download sources and javadoc] INFO  o.e.m.c.i.e.AbstractTransferListenerAdapter - Downloading https://repo.maven.apache.org/maven2/org/springframework/spring-context-support/5.3.18/spring-context-support-5.3.18-sources.jar
2024-06-20 17:01:08,647 [Worker-3: Building] INFO  o.e.m.c.i.e.AbstractTransferListenerAdapter - Downloading https://repo.maven.apache.org/maven2/org/apache/maven/shared/maven-shared-utils/3.0.0/maven-shared-utils-3.0.0.pom
2024-06-20 17:01:08,681 [Worker-3: Building] INFO  o.e.m.c.i.e.AbstractTransferListenerAdapter - Downloaded https://repo.maven.apache.org/maven2/org/apache/maven/shared/maven-shared-utils/3.0.0/maven-shared-utils-3.0.0.pom
2024-06-20 17:01:08,705 [Worker-18: Download sources and javadoc] INFO  o.e.m.c.i.e.AbstractTransferListenerAdapter - Downloaded https://repo.maven.apache.org/maven2/org/springframework/spring-context-support/5.3.18/spring-context-support-5.3.18-sources.jar
2024-06-20 17:01:08,711 [Worker-18: Download sources and javadoc] INFO  o.e.m.j.internal.DownloadSourcesJob - Downloaded sources for org.springframework:spring-context-support:5.3.18
2024-06-20 17:01:08,727 [Worker-3: Building] INFO  o.e.m.c.i.e.AbstractTransferListenerAdapter - Downloading https://repo.maven.apache.org/maven2/org/apache/maven/shared/maven-shared-components/21/maven-shared-components-21.pom
2024-06-20 17:01:08,758 [Worker-3: Building] INFO  o.e.m.c.i.e.AbstractTransferListenerAdapter - Downloaded https://repo.maven.apache.org/maven2/org/apache/maven/shared/maven-shared-components/21/maven-shared-components-21.pom
2024-06-20 17:01:08,776 [Worker-18: Download sources and javadoc] INFO  o.e.m.c.i.e.AbstractTransferListenerAdapter - Downloading https://repo.maven.apache.org/maven2/com/sun/mail/jakarta.mail/1.6.7/jakarta.mail-1.6.7-sources.jar
2024-06-20 17:01:08,801 [Worker-3: Building] INFO  o.e.m.c.i.e.AbstractTransferListenerAdapter - Downloading https://repo.maven.apache.org/maven2/commons-io/commons-io/2.4/commons-io-2.4.pom
2024-06-20 17:01:08,842 [Worker-3: Building] INFO  o.e.m.c.i.e.AbstractTransferListenerAdapter - Downloaded https://repo.maven.apache.org/maven2/commons-io/commons-io/2.4/commons-io-2.4.pom
2024-06-20 17:01:08,901 [Worker-3: Building] INFO  o.e.m.c.i.e.AbstractTransferListenerAdapter - Downloading https://repo.maven.apache.org/maven2/org/apache/commons/commons-parent/25/commons-parent-25.pom
2024-06-20 17:01:08,959 [Worker-18: Download sources and javadoc] INFO  o.e.m.c.i.e.AbstractTransferListenerAdapter - Downloaded https://repo.maven.apache.org/maven2/com/sun/mail/jakarta.mail/1.6.7/jakarta.mail-1.6.7-sources.jar
2024-06-20 17:01:08,963 [Worker-18: Download sources and javadoc] INFO  o.e.m.j.internal.DownloadSourcesJob - Downloaded sources for com.sun.mail:jakarta.mail:1.6.7
2024-06-20 17:01:08,988 [Worker-3: Building] INFO  o.e.m.c.i.e.AbstractTransferListenerAdapter - Downloaded https://repo.maven.apache.org/maven2/org/apache/commons/commons-parent/25/commons-parent-25.pom
2024-06-20 17:01:09,033 [Worker-18: Download sources and javadoc] INFO  o.e.m.c.i.e.AbstractTransferListenerAdapter - Downloading https://repo.maven.apache.org/maven2/com/sun/activation/jakarta.activation/1.2.2/jakarta.activation-1.2.2-sources.jar
2024-06-20 17:01:09,053 [Worker-3: Building] INFO  o.e.m.c.i.e.AbstractTransferListenerAdapter - Downloading https://repo.maven.apache.org/maven2/org/apache/apache/9/apache-9.pom
2024-06-20 17:01:09,095 [Worker-3: Building] INFO  o.e.m.c.i.e.AbstractTransferListenerAdapter - Downloaded https://repo.maven.apache.org/maven2/org/apache/apache/9/apache-9.pom
2024-06-20 17:01:09,104 [Worker-18: Download sources and javadoc] INFO  o.e.m.c.i.e.AbstractTransferListenerAdapter - Downloaded https://repo.maven.apache.org/maven2/com/sun/activation/jakarta.activation/1.2.2/jakarta.activation-1.2.2-sources.jar
2024-06-20 17:01:09,109 [Worker-18: Download sources and javadoc] INFO  o.e.m.j.internal.DownloadSourcesJob - Downloaded sources for com.sun.activation:jakarta.activation:1.2.2
2024-06-20 17:01:09,147 [Worker-3: Building] INFO  o.e.m.c.i.e.AbstractTransferListenerAdapter - Downloading https://repo.maven.apache.org/maven2/org/apache/maven/maven-archiver/3.5.2/maven-archiver-3.5.2.pom
2024-06-20 17:01:09,172 [Worker-18: Download sources and javadoc] INFO  o.e.m.c.i.e.AbstractTransferListenerAdapter - Downloading https://repo.maven.apache.org/maven2/org/springframework/boot/spring-boot-devtools/2.6.6/spring-boot-devtools-2.6.6-sources.jar
2024-06-20 17:01:09,172 [Worker-3: Building] INFO  o.e.m.c.i.e.AbstractTransferListenerAdapter - Downloaded https://repo.maven.apache.org/maven2/org/apache/maven/maven-archiver/3.5.2/maven-archiver-3.5.2.pom
2024-06-20 17:01:09,223 [Worker-3: Building] INFO  o.e.m.c.i.e.AbstractTransferListenerAdapter - Downloading https://repo.maven.apache.org/maven2/org/apache/maven/maven-artifact/3.1.1/maven-artifact-3.1.1.pom
2024-06-20 17:01:09,254 [Worker-3: Building] INFO  o.e.m.c.i.e.AbstractTransferListenerAdapter - Downloaded https://repo.maven.apache.org/maven2/org/apache/maven/maven-artifact/3.1.1/maven-artifact-3.1.1.pom
2024-06-20 17:01:09,270 [Worker-18: Download sources and javadoc] INFO  o.e.m.c.i.e.AbstractTransferListenerAdapter - Downloaded https://repo.maven.apache.org/maven2/org/springframework/boot/spring-boot-devtools/2.6.6/spring-boot-devtools-2.6.6-sources.jar
2024-06-20 17:01:09,275 [Worker-18: Download sources and javadoc] INFO  o.e.m.j.internal.DownloadSourcesJob - Downloaded sources for org.springframework.boot:spring-boot-devtools:2.6.6
2024-06-20 17:01:09,303 [Worker-3: Building] INFO  o.e.m.c.i.e.AbstractTransferListenerAdapter - Downloading https://repo.maven.apache.org/maven2/org/apache/maven/maven/3.1.1/maven-3.1.1.pom
2024-06-20 17:01:09,346 [Worker-3: Building] INFO  o.e.m.c.i.e.AbstractTransferListenerAdapter - Downloaded https://repo.maven.apache.org/maven2/org/apache/maven/maven/3.1.1/maven-3.1.1.pom
2024-06-20 17:01:09,370 [Worker-18: Download sources and javadoc] INFO  o.e.m.c.i.e.AbstractTransferListenerAdapter - Downloading https://repo.maven.apache.org/maven2/org/springframework/boot/spring-boot/2.6.6/spring-boot-2.6.6-sources.jar
2024-06-20 17:01:09,381 [Worker-3: Building] INFO  o.e.m.c.i.e.AbstractTransferListenerAdapter - Downloading https://repo.maven.apache.org/maven2/org/apache/maven/maven-model/3.1.1/maven-model-3.1.1.pom
2024-06-20 17:01:09,406 [Worker-3: Building] INFO  o.e.m.c.i.e.AbstractTransferListenerAdapter - Downloaded https://repo.maven.apache.org/maven2/org/apache/maven/maven-model/3.1.1/maven-model-3.1.1.pom
2024-06-20 17:01:09,464 [Worker-3: Building] INFO  o.e.m.c.i.e.AbstractTransferListenerAdapter - Downloading https://repo.maven.apache.org/maven2/org/apache/maven/maven-core/3.1.1/maven-core-3.1.1.pom
2024-06-20 17:01:09,494 [Worker-3: Building] INFO  o.e.m.c.i.e.AbstractTransferListenerAdapter - Downloaded https://repo.maven.apache.org/maven2/org/apache/maven/maven-core/3.1.1/maven-core-3.1.1.pom
2024-06-20 17:01:09,544 [Worker-18: Download sources and javadoc] INFO  o.e.m.c.i.e.AbstractTransferListenerAdapter - Downloaded https://repo.maven.apache.org/maven2/org/springframework/boot/spring-boot/2.6.6/spring-boot-2.6.6-sources.jar
2024-06-20 17:01:09,549 [Worker-18: Download sources and javadoc] INFO  o.e.m.j.internal.DownloadSourcesJob - Downloaded sources for org.springframework.boot:spring-boot:2.6.6
2024-06-20 17:01:09,554 [Worker-3: Building] INFO  o.e.m.c.i.e.AbstractTransferListenerAdapter - Downloading https://repo.maven.apache.org/maven2/org/apache/maven/maven-settings/3.1.1/maven-settings-3.1.1.pom
2024-06-20 17:01:09,592 [Worker-3: Building] INFO  o.e.m.c.i.e.AbstractTransferListenerAdapter - Downloaded https://repo.maven.apache.org/maven2/org/apache/maven/maven-settings/3.1.1/maven-settings-3.1.1.pom
2024-06-20 17:01:09,615 [Worker-3: Building] INFO  o.e.m.c.i.e.AbstractTransferListenerAdapter - Downloading https://repo.maven.apache.org/maven2/org/apache/maven/maven-settings-builder/3.1.1/maven-settings-builder-3.1.1.pom
2024-06-20 17:01:09,619 [Worker-18: Download sources and javadoc] INFO  o.e.m.c.i.e.AbstractTransferListenerAdapter - Downloading https://repo.maven.apache.org/maven2/org/springframework/boot/spring-boot-autoconfigure/2.6.6/spring-boot-autoconfigure-2.6.6-sources.jar
2024-06-20 17:01:09,650 [Worker-3: Building] INFO  o.e.m.c.i.e.AbstractTransferListenerAdapter - Downloaded https://repo.maven.apache.org/maven2/org/apache/maven/maven-settings-builder/3.1.1/maven-settings-builder-3.1.1.pom
2024-06-20 17:01:09,691 [Worker-3: Building] INFO  o.e.m.c.i.e.AbstractTransferListenerAdapter - Downloading https://repo.maven.apache.org/maven2/org/codehaus/plexus/plexus-interpolation/1.19/plexus-interpolation-1.19.pom
2024-06-20 17:01:09,723 [Worker-3: Building] INFO  o.e.m.c.i.e.AbstractTransferListenerAdapter - Downloaded https://repo.maven.apache.org/maven2/org/codehaus/plexus/plexus-interpolation/1.19/plexus-interpolation-1.19.pom
2024-06-20 17:01:09,772 [Worker-3: Building] INFO  o.e.m.c.i.e.AbstractTransferListenerAdapter - Downloading https://repo.maven.apache.org/maven2/org/apache/maven/maven-repository-metadata/3.1.1/maven-repository-metadata-3.1.1.pom
2024-06-20 17:01:09,779 [Worker-18: Download sources and javadoc] INFO  o.e.m.c.i.e.AbstractTransferListenerAdapter - Downloaded https://repo.maven.apache.org/maven2/org/springframework/boot/spring-boot-autoconfigure/2.6.6/spring-boot-autoconfigure-2.6.6-sources.jar
2024-06-20 17:01:09,784 [Worker-18: Download sources and javadoc] INFO  o.e.m.j.internal.DownloadSourcesJob - Downloaded sources for org.springframework.boot:spring-boot-autoconfigure:2.6.6
2024-06-20 17:01:09,819 [Worker-3: Building] INFO  o.e.m.c.i.e.AbstractTransferListenerAdapter - Downloaded https://repo.maven.apache.org/maven2/org/apache/maven/maven-repository-metadata/3.1.1/maven-repository-metadata-3.1.1.pom
2024-06-20 17:01:09,860 [Worker-3: Building] INFO  o.e.m.c.i.e.AbstractTransferListenerAdapter - Downloading https://repo.maven.apache.org/maven2/org/apache/maven/maven-plugin-api/3.1.1/maven-plugin-api-3.1.1.pom
2024-06-20 17:01:09,900 [Worker-3: Building] INFO  o.e.m.c.i.e.AbstractTransferListenerAdapter - Downloaded https://repo.maven.apache.org/maven2/org/apache/maven/maven-plugin-api/3.1.1/maven-plugin-api-3.1.1.pom
2024-06-20 17:01:09,940 [Worker-3: Building] INFO  o.e.m.c.i.e.AbstractTransferListenerAdapter - Downloading https://repo.maven.apache.org/maven2/org/eclipse/sisu/org.eclipse.sisu.plexus/0.0.0.M5/org.eclipse.sisu.plexus-0.0.0.M5.pom
2024-06-20 17:01:09,979 [Worker-3: Building] INFO  o.e.m.c.i.e.AbstractTransferListenerAdapter - Downloaded https://repo.maven.apache.org/maven2/org/eclipse/sisu/org.eclipse.sisu.plexus/0.0.0.M5/org.eclipse.sisu.plexus-0.0.0.M5.pom
2024-06-20 17:01:10,038 [Worker-3: Building] INFO  o.e.m.c.i.e.AbstractTransferListenerAdapter - Downloading https://repo.maven.apache.org/maven2/org/eclipse/sisu/sisu-plexus/0.0.0.M5/sisu-plexus-0.0.0.M5.pom
2024-06-20 17:01:10,082 [Worker-3: Building] INFO  o.e.m.c.i.e.AbstractTransferListenerAdapter - Downloaded https://repo.maven.apache.org/maven2/org/eclipse/sisu/sisu-plexus/0.0.0.M5/sisu-plexus-0.0.0.M5.pom
2024-06-20 17:01:10,125 [Worker-3: Building] INFO  o.e.m.c.i.e.AbstractTransferListenerAdapter - Downloading https://repo.maven.apache.org/maven2/org/eclipse/sisu/org.eclipse.sisu.inject/0.0.0.M5/org.eclipse.sisu.inject-0.0.0.M5.pom
2024-06-20 17:01:10,153 [Worker-3: Building] INFO  o.e.m.c.i.e.AbstractTransferListenerAdapter - Downloaded https://repo.maven.apache.org/maven2/org/eclipse/sisu/org.eclipse.sisu.inject/0.0.0.M5/org.eclipse.sisu.inject-0.0.0.M5.pom
2024-06-20 17:01:10,176 [Worker-3: Building] INFO  o.e.m.c.i.e.AbstractTransferListenerAdapter - Downloading https://repo.maven.apache.org/maven2/org/eclipse/sisu/sisu-inject/0.0.0.M5/sisu-inject-0.0.0.M5.pom
2024-06-20 17:01:10,221 [Worker-3: Building] INFO  o.e.m.c.i.e.AbstractTransferListenerAdapter - Downloaded https://repo.maven.apache.org/maven2/org/eclipse/sisu/sisu-inject/0.0.0.M5/sisu-inject-0.0.0.M5.pom
2024-06-20 17:01:10,262 [Worker-3: Building] INFO  o.e.m.c.i.e.AbstractTransferListenerAdapter - Downloading https://repo.maven.apache.org/maven2/org/apache/maven/maven-model-builder/3.1.1/maven-model-builder-3.1.1.pom
2024-06-20 17:01:10,291 [Worker-3: Building] INFO  o.e.m.c.i.e.AbstractTransferListenerAdapter - Downloaded https://repo.maven.apache.org/maven2/org/apache/maven/maven-model-builder/3.1.1/maven-model-builder-3.1.1.pom
2024-06-20 17:01:10,331 [Worker-3: Building] INFO  o.e.m.c.i.e.AbstractTransferListenerAdapter - Downloading https://repo.maven.apache.org/maven2/org/apache/maven/maven-aether-provider/3.1.1/maven-aether-provider-3.1.1.pom
2024-06-20 17:01:10,365 [Worker-3: Building] INFO  o.e.m.c.i.e.AbstractTransferListenerAdapter - Downloaded https://repo.maven.apache.org/maven2/org/apache/maven/maven-aether-provider/3.1.1/maven-aether-provider-3.1.1.pom
2024-06-20 17:01:10,388 [Worker-3: Building] INFO  o.e.m.c.i.e.AbstractTransferListenerAdapter - Downloading https://repo.maven.apache.org/maven2/org/codehaus/plexus/plexus-classworlds/2.5.1/plexus-classworlds-2.5.1.pom
2024-06-20 17:01:10,413 [Worker-3: Building] INFO  o.e.m.c.i.e.AbstractTransferListenerAdapter - Downloaded https://repo.maven.apache.org/maven2/org/codehaus/plexus/plexus-classworlds/2.5.1/plexus-classworlds-2.5.1.pom
2024-06-20 17:01:10,480 [Worker-3: Building] INFO  o.e.m.c.i.e.AbstractTransferListenerAdapter - Downloading https://repo.maven.apache.org/maven2/org/apache/commons/commons-compress/1.20/commons-compress-1.20.pom
2024-06-20 17:01:10,530 [Worker-3: Building] INFO  o.e.m.c.i.e.AbstractTransferListenerAdapter - Downloaded https://repo.maven.apache.org/maven2/org/apache/commons/commons-compress/1.20/commons-compress-1.20.pom
2024-06-20 17:01:10,571 [Worker-3: Building] INFO  o.e.m.c.i.e.AbstractTransferListenerAdapter - Downloading https://repo.maven.apache.org/maven2/org/apache/commons/commons-parent/48/commons-parent-48.pom
2024-06-20 17:01:10,646 [Worker-3: Building] INFO  o.e.m.c.i.e.AbstractTransferListenerAdapter - Downloaded https://repo.maven.apache.org/maven2/org/apache/commons/commons-parent/48/commons-parent-48.pom
2024-06-20 17:01:10,690 [Worker-3: Building] INFO  o.e.m.c.i.e.AbstractTransferListenerAdapter - Downloading https://repo.maven.apache.org/maven2/org/codehaus/plexus/plexus-archiver/4.2.7/plexus-archiver-4.2.7.pom
2024-06-20 17:01:10,719 [Worker-3: Building] INFO  o.e.m.c.i.e.AbstractTransferListenerAdapter - Downloaded https://repo.maven.apache.org/maven2/org/codehaus/plexus/plexus-archiver/4.2.7/plexus-archiver-4.2.7.pom
2024-06-20 17:01:10,748 [Worker-3: Building] INFO  o.e.m.c.i.e.AbstractTransferListenerAdapter - Downloading https://repo.maven.apache.org/maven2/org/codehaus/plexus/plexus-utils/3.4.1/plexus-utils-3.4.1.pom
2024-06-20 17:01:10,780 [Worker-3: Building] INFO  o.e.m.c.i.e.AbstractTransferListenerAdapter - Downloaded https://repo.maven.apache.org/maven2/org/codehaus/plexus/plexus-utils/3.4.1/plexus-utils-3.4.1.pom
2024-06-20 17:01:10,819 [Worker-3: Building] INFO  o.e.m.c.i.e.AbstractTransferListenerAdapter - Downloading https://repo.maven.apache.org/maven2/org/codehaus/plexus/plexus-io/3.2.0/plexus-io-3.2.0.pom
2024-06-20 17:01:10,847 [Worker-3: Building] INFO  o.e.m.c.i.e.AbstractTransferListenerAdapter - Downloaded https://repo.maven.apache.org/maven2/org/codehaus/plexus/plexus-io/3.2.0/plexus-io-3.2.0.pom
2024-06-20 17:01:10,907 [Worker-3: Building] INFO  o.e.m.c.i.e.AbstractTransferListenerAdapter - Downloading https://repo.maven.apache.org/maven2/org/codehaus/plexus/plexus-utils/3.3.1/plexus-utils-3.3.1.pom
2024-06-20 17:01:10,951 [Worker-3: Building] INFO  o.e.m.c.i.e.AbstractTransferListenerAdapter - Downloaded https://repo.maven.apache.org/maven2/org/codehaus/plexus/plexus-utils/3.3.1/plexus-utils-3.3.1.pom
2024-06-20 17:01:11,046 [Worker-3: Building] INFO  o.e.m.c.i.e.AbstractTransferListenerAdapter - Downloading https://repo.maven.apache.org/maven2/org/codehaus/plexus/plexus-interpolation/1.16/plexus-interpolation-1.16.jar
2024-06-20 17:01:11,095 [Worker-3: Building] INFO  o.e.m.c.i.e.AbstractTransferListenerAdapter - Downloaded https://repo.maven.apache.org/maven2/org/codehaus/plexus/plexus-interpolation/1.16/plexus-interpolation-1.16.jar
2024-06-20 17:01:11,113 [BasicRepositoryConnector-repo.maven.apache.org-11-1] INFO  o.e.m.c.i.e.AbstractTransferListenerAdapter - Downloading https://repo.maven.apache.org/maven2/org/apache/maven/shared/maven-shared-io/3.0.0/maven-shared-io-3.0.0.jar
2024-06-20 17:01:11,116 [BasicRepositoryConnector-repo.maven.apache.org-11-3] INFO  o.e.m.c.i.e.AbstractTransferListenerAdapter - Downloading https://repo.maven.apache.org/maven2/org/apache/maven/wagon/wagon-provider-api/2.10/wagon-provider-api-2.10.jar
2024-06-20 17:01:11,116 [BasicRepositoryConnector-repo.maven.apache.org-11-0] INFO  o.e.m.c.i.e.AbstractTransferListenerAdapter - Downloading https://repo.maven.apache.org/maven2/org/apache/maven/shared/file-management/3.0.0/file-management-3.0.0.jar
2024-06-20 17:01:11,118 [BasicRepositoryConnector-repo.maven.apache.org-11-2] INFO  o.e.m.c.i.e.AbstractTransferListenerAdapter - Downloading https://repo.maven.apache.org/maven2/org/apache/maven/maven-compat/3.0/maven-compat-3.0.jar
2024-06-20 17:01:11,120 [BasicRepositoryConnector-repo.maven.apache.org-11-4] INFO  o.e.m.c.i.e.AbstractTransferListenerAdapter - Downloading https://repo.maven.apache.org/maven2/org/apache/maven/maven-archiver/3.5.2/maven-archiver-3.5.2.jar
2024-06-20 17:01:11,197 [BasicRepositoryConnector-repo.maven.apache.org-11-3] INFO  o.e.m.c.i.e.AbstractTransferListenerAdapter - Downloaded https://repo.maven.apache.org/maven2/org/apache/maven/wagon/wagon-provider-api/2.10/wagon-provider-api-2.10.jar
2024-06-20 17:01:11,224 [BasicRepositoryConnector-repo.maven.apache.org-11-3] INFO  o.e.m.c.i.e.AbstractTransferListenerAdapter - Downloading https://repo.maven.apache.org/maven2/org/apache/commons/commons-compress/1.20/commons-compress-1.20.jar
2024-06-20 17:01:11,303 [BasicRepositoryConnector-repo.maven.apache.org-11-2] INFO  o.e.m.c.i.e.AbstractTransferListenerAdapter - Downloaded https://repo.maven.apache.org/maven2/org/apache/maven/maven-compat/3.0/maven-compat-3.0.jar
2024-06-20 17:01:11,323 [BasicRepositoryConnector-repo.maven.apache.org-11-2] INFO  o.e.m.c.i.e.AbstractTransferListenerAdapter - Downloading https://repo.maven.apache.org/maven2/org/codehaus/plexus/plexus-archiver/4.2.7/plexus-archiver-4.2.7.jar
2024-06-20 17:01:11,455 [BasicRepositoryConnector-repo.maven.apache.org-11-2] INFO  o.e.m.c.i.e.AbstractTransferListenerAdapter - Downloaded https://repo.maven.apache.org/maven2/org/codehaus/plexus/plexus-archiver/4.2.7/plexus-archiver-4.2.7.jar
2024-06-20 17:01:11,486 [BasicRepositoryConnector-repo.maven.apache.org-11-2] INFO  o.e.m.c.i.e.AbstractTransferListenerAdapter - Downloading https://repo.maven.apache.org/maven2/org/codehaus/plexus/plexus-io/3.2.0/plexus-io-3.2.0.jar
2024-06-20 17:01:11,490 [BasicRepositoryConnector-repo.maven.apache.org-11-3] INFO  o.e.m.c.i.e.AbstractTransferListenerAdapter - Downloaded https://repo.maven.apache.org/maven2/org/apache/commons/commons-compress/1.20/commons-compress-1.20.jar
2024-06-20 17:01:11,519 [BasicRepositoryConnector-repo.maven.apache.org-11-4] INFO  o.e.m.c.i.e.AbstractTransferListenerAdapter - Downloaded https://repo.maven.apache.org/maven2/org/apache/maven/maven-archiver/3.5.2/maven-archiver-3.5.2.jar
2024-06-20 17:01:11,530 [BasicRepositoryConnector-repo.maven.apache.org-11-3] INFO  o.e.m.c.i.e.AbstractTransferListenerAdapter - Downloading https://repo.maven.apache.org/maven2/org/codehaus/plexus/plexus-utils/3.3.1/plexus-utils-3.3.1.jar
2024-06-20 17:01:11,546 [BasicRepositoryConnector-repo.maven.apache.org-11-2] INFO  o.e.m.c.i.e.AbstractTransferListenerAdapter - Downloaded https://repo.maven.apache.org/maven2/org/codehaus/plexus/plexus-io/3.2.0/plexus-io-3.2.0.jar
2024-06-20 17:01:11,642 [BasicRepositoryConnector-repo.maven.apache.org-11-3] INFO  o.e.m.c.i.e.AbstractTransferListenerAdapter - Downloaded https://repo.maven.apache.org/maven2/org/codehaus/plexus/plexus-utils/3.3.1/plexus-utils-3.3.1.jar
2024-06-20 17:01:11,708 [BasicRepositoryConnector-repo.maven.apache.org-11-0] INFO  o.e.m.c.i.e.AbstractTransferListenerAdapter - Downloaded https://repo.maven.apache.org/maven2/org/apache/maven/shared/file-management/3.0.0/file-management-3.0.0.jar
2024-06-20 17:01:11,997 [BasicRepositoryConnector-repo.maven.apache.org-11-1] INFO  o.e.m.c.i.e.AbstractTransferListenerAdapter - Downloaded https://repo.maven.apache.org/maven2/org/apache/maven/shared/maven-shared-io/3.0.0/maven-shared-io-3.0.0.jar
2024-06-20 17:01:12,979 [Worker-12: Building] INFO  o.e.m.c.i.embedder.EclipseLogger - Using 'UTF-8' encoding to copy filtered resources.
2024-06-20 17:01:12,979 [Worker-12: Building] INFO  o.e.m.c.i.embedder.EclipseLogger - Using 'UTF-8' encoding to copy filtered properties files.
2024-06-20 17:01:12,980 [Worker-12: Building] INFO  o.e.m.c.i.embedder.EclipseLogger - Copying 1 resource
2024-06-20 17:01:12,998 [Worker-12: Building] INFO  o.e.m.c.i.embedder.EclipseLogger - Copying 0 resource
2024-06-20 17:01:13,002 [Worker-12: Building] INFO  o.e.m.c.i.embedder.EclipseLogger - Using 'UTF-8' encoding to copy filtered resources.
2024-06-20 17:01:13,002 [Worker-12: Building] INFO  o.e.m.c.i.embedder.EclipseLogger - Using 'UTF-8' encoding to copy filtered properties files.
2024-06-20 17:01:13,002 [Worker-12: Building] INFO  o.e.m.c.i.embedder.EclipseLogger - Copying 0 resource
2024-06-21 08:31:16,753 [Worker-0: Loading available Gradle versions] INFO  o.e.b.c.i.u.g.PublishedGradleVersions - Gradle version information cache is up-to-date. Trying to read.
2024-06-21 08:42:40,624 [Worker-6: Loading available Gradle versions] INFO  o.e.b.c.i.u.g.PublishedGradleVersions - Gradle version information cache is up-to-date. Trying to read.
2024-06-21 16:29:51,059 [Worker-2: Loading available Gradle versions] INFO  o.e.b.c.i.u.g.PublishedGradleVersions - Gradle version information cache is out-of-date. Trying to update.
2024-06-23 18:59:29,858 [Worker-3: Loading available Gradle versions] INFO  o.e.b.c.i.u.g.PublishedGradleVersions - Gradle version information cache is out-of-date. Trying to update.
2024-07-01 15:53:53,425 [Worker-3: Loading available Gradle versions] INFO  o.e.b.c.i.u.g.PublishedGradleVersions - Gradle version information cache is out-of-date. Trying to update.
2024-07-05 09:14:23,406 [Worker-3: Loading available Gradle versions] INFO  o.e.b.c.i.u.g.PublishedGradleVersions - Gradle version information cache is out-of-date. Trying to update.
2024-07-25 17:34:24,731 [Worker-1: Loading available Gradle versions] INFO  o.e.b.c.i.u.g.PublishedGradleVersions - Gradle version information cache is up-to-date. Trying to read.
2024-07-27 10:07:21,606 [Worker-4: Loading available Gradle versions] INFO  o.e.b.c.i.u.g.PublishedGradleVersions - Gradle version information cache is out-of-date. Trying to update.
2024-07-27 10:10:20,364 [Worker-12: Building] WARN  o.a.m.s.f.DefaultMavenResourcesFiltering - Using platform encoding (Cp1252 actually) to copy filtered resources, i.e. build is platform dependent!
2024-07-27 10:10:20,381 [Worker-12: Building] INFO  o.a.m.s.f.DefaultMavenResourcesFiltering - Copying 0 resource from src\main\resources to target\classes
2024-07-27 10:10:20,390 [Worker-12: Building] WARN  o.a.m.s.f.DefaultMavenResourcesFiltering - Using platform encoding (Cp1252 actually) to copy filtered resources, i.e. build is platform dependent!
2024-07-27 10:10:20,393 [Worker-12: Building] INFO  o.a.m.s.f.DefaultMavenResourcesFiltering - skip non existing resourceDirectory C:\Users\HP\OneDrive\Desktop\java\JUNIT\src\test\resources
2024-07-27 10:10:26,526 [Worker-13: Building] WARN  o.a.m.s.f.DefaultMavenResourcesFiltering - Using platform encoding (Cp1252 actually) to copy filtered resources, i.e. build is platform dependent!
2024-07-27 10:10:26,528 [Worker-13: Building] INFO  o.a.m.s.f.DefaultMavenResourcesFiltering - Copying 0 resource from src\main\resources to target\classes
2024-07-27 10:10:26,533 [Worker-13: Building] WARN  o.a.m.s.f.DefaultMavenResourcesFiltering - Using platform encoding (Cp1252 actually) to copy filtered resources, i.e. build is platform dependent!
2024-07-27 10:10:26,535 [Worker-13: Building] INFO  o.a.m.s.f.DefaultMavenResourcesFiltering - skip non existing resourceDirectory C:\Users\HP\OneDrive\Desktop\java\Log4J\src\test\resources
2024-07-27 10:10:39,061 [Worker-13: Building] INFO  o.e.m.c.i.embedder.EclipseLogger - Using 'UTF-8' encoding to copy filtered resources.
2024-07-27 10:10:39,061 [Worker-13: Building] INFO  o.e.m.c.i.embedder.EclipseLogger - Using 'UTF-8' encoding to copy filtered properties files.
2024-07-27 10:10:39,062 [Worker-13: Building] INFO  o.e.m.c.i.embedder.EclipseLogger - Copying 1 resource
2024-07-27 10:10:39,086 [Worker-13: Building] INFO  o.e.m.c.i.embedder.EclipseLogger - Copying 0 resource
2024-07-27 10:10:39,093 [Worker-13: Building] INFO  o.e.m.c.i.embedder.EclipseLogger - Using 'UTF-8' encoding to copy filtered resources.
2024-07-27 10:10:39,093 [Worker-13: Building] INFO  o.e.m.c.i.embedder.EclipseLogger - Using 'UTF-8' encoding to copy filtered properties files.
2024-07-27 10:10:39,094 [Worker-13: Building] INFO  o.e.m.c.i.embedder.EclipseLogger - Copying 0 resource
2024-07-27 10:10:47,582 [Worker-1: Building] INFO  o.e.m.c.i.l.LifecycleMappingFactory - Using org.eclipse.m2e.jdt.JarLifecycleMapping lifecycle mapping for MavenProject: com.mail:SpringBoot_Mail:0.0.1-SNAPSHOT @ C:\Users\HP\OneDrive\Desktop\java\SpringBoot_Test_SonarQube\pom.xml.
2024-07-27 10:10:47,869 [Worker-1: Building] INFO  o.e.m.c.i.embedder.EclipseLogger - Using 'UTF-8' encoding to copy filtered resources.
2024-07-27 10:10:47,870 [Worker-1: Building] INFO  o.e.m.c.i.embedder.EclipseLogger - Using 'UTF-8' encoding to copy filtered properties files.
2024-07-27 10:10:47,870 [Worker-1: Building] INFO  o.e.m.c.i.embedder.EclipseLogger - Copying 1 resource
2024-07-27 10:10:47,873 [Worker-1: Building] INFO  o.e.m.c.i.embedder.EclipseLogger - Copying 0 resource
2024-07-27 10:10:47,878 [Worker-1: Building] INFO  o.e.m.c.i.embedder.EclipseLogger - Using 'UTF-8' encoding to copy filtered resources.
2024-07-27 10:10:47,879 [Worker-1: Building] INFO  o.e.m.c.i.embedder.EclipseLogger - Using 'UTF-8' encoding to copy filtered properties files.
2024-07-27 10:10:47,879 [Worker-1: Building] INFO  o.e.m.c.i.embedder.EclipseLogger - Copying 0 resource
2024-07-27 10:10:48,290 [Worker-13: Building] INFO  o.e.m.c.i.embedder.EclipseLogger - Using 'UTF-8' encoding to copy filtered resources.
2024-07-27 10:10:48,290 [Worker-13: Building] INFO  o.e.m.c.i.embedder.EclipseLogger - Using 'UTF-8' encoding to copy filtered properties files.
2024-07-27 10:10:48,290 [Worker-13: Building] INFO  o.e.m.c.i.embedder.EclipseLogger - Copying 1 resource
2024-07-27 10:10:48,293 [Worker-13: Building] INFO  o.e.m.c.i.embedder.EclipseLogger - Copying 0 resource
2024-07-27 10:10:48,300 [Worker-13: Building] INFO  o.e.m.c.i.embedder.EclipseLogger - Using 'UTF-8' encoding to copy filtered resources.
2024-07-27 10:10:48,301 [Worker-13: Building] INFO  o.e.m.c.i.embedder.EclipseLogger - Using 'UTF-8' encoding to copy filtered properties files.
2024-07-27 10:10:48,301 [Worker-13: Building] INFO  o.e.m.c.i.embedder.EclipseLogger - Copying 0 resource
2024-07-27 10:10:49,590 [Worker-13: Building] INFO  o.a.m.s.f.DefaultMavenResourcesFiltering - Copying 0 resource from src\main\resources to target\classes
2024-07-27 10:10:49,593 [Worker-13: Building] INFO  o.a.m.s.f.DefaultMavenResourcesFiltering - Copying 0 resource from src\test\resources to target\test-classes
2024-07-27 10:10:52,421 [Worker-13: Building] INFO  o.a.m.s.f.DefaultMavenResourcesFiltering - skip non existing resourceDirectory C:\Users\HP\OneDrive\Desktop\java\Spring_JdbcDemo\src\main\resources
2024-07-27 10:10:52,427 [Worker-13: Building] INFO  o.a.m.s.f.DefaultMavenResourcesFiltering - skip non existing resourceDirectory C:\Users\HP\OneDrive\Desktop\java\Spring_JdbcDemo\src\test\resources
2024-07-27 10:11:38,452 [Worker-14: Building] INFO  o.e.m.c.i.l.LifecycleMappingFactory - Using org.eclipse.m2e.jdt.JarLifecycleMapping lifecycle mapping for MavenProject: com.mail:SpringBoot_Mail:0.0.1-SNAPSHOT @ C:\Users\HP\OneDrive\Desktop\java\SpringBoot_Test_SonarQube\pom.xml.
2024-07-27 10:11:39,138 [Worker-14: Building] INFO  o.e.m.c.i.embedder.EclipseLogger - Using 'UTF-8' encoding to copy filtered resources.
2024-07-27 10:11:39,138 [Worker-14: Building] INFO  o.e.m.c.i.embedder.EclipseLogger - Using 'UTF-8' encoding to copy filtered properties files.
2024-07-27 10:11:39,142 [Worker-14: Building] INFO  o.e.m.c.i.embedder.EclipseLogger - Copying 0 resource
2024-07-27 10:11:39,144 [Worker-14: Building] INFO  o.e.m.c.i.embedder.EclipseLogger - Copying 0 resource
2024-07-27 10:11:39,151 [Worker-14: Building] INFO  o.e.m.c.i.embedder.EclipseLogger - Using 'UTF-8' encoding to copy filtered resources.
2024-07-27 10:11:39,151 [Worker-14: Building] INFO  o.e.m.c.i.embedder.EclipseLogger - Using 'UTF-8' encoding to copy filtered properties files.
2024-07-27 10:11:39,152 [Worker-14: Building] INFO  o.e.m.c.i.embedder.EclipseLogger - Copying 0 resource
2024-07-27 10:22:11,372 [main] INFO  o.e.m2e.actions.ExecutePomAction - Creating new launch configuration
2024-07-27 10:28:53,534 [Worker-19: Launching SpringBoot_Test_SonarQube] INFO  o.eclipse.m2e.core.internal.Bundles - getClasspathEntries(Bundle=org.eclipse.m2e.maven.runtime_3.9.600.20231203-1234 [638])
2024-07-27 10:28:53,538 [Worker-19: Launching SpringBoot_Test_SonarQube] INFO  o.eclipse.m2e.core.internal.Bundles - 	Entry: C:\Software\Eclipse\eclipse-jee-2024-03-R-win32-x86_64\eclipse\plugins\org.eclipse.m2e.maven.runtime_3.9.600.20231203-1234
2024-07-27 10:28:53,539 [Worker-19: Launching SpringBoot_Test_SonarQube] INFO  o.eclipse.m2e.core.internal.Bundles - 	Entry: C:\Software\Eclipse\eclipse-jee-2024-03-R-win32-x86_64\eclipse\plugins\org.eclipse.m2e.maven.runtime_3.9.600.20231203-1234\jars\aopalliance-1.0.jar
2024-07-27 10:28:53,540 [Worker-19: Launching SpringBoot_Test_SonarQube] INFO  o.eclipse.m2e.core.internal.Bundles - 	Entry: C:\Software\Eclipse\eclipse-jee-2024-03-R-win32-x86_64\eclipse\plugins\org.eclipse.m2e.maven.runtime_3.9.600.20231203-1234\jars\guice-5.1.0.jar
2024-07-27 10:28:53,543 [Worker-19: Launching SpringBoot_Test_SonarQube] INFO  o.eclipse.m2e.core.internal.Bundles - 	Entry: C:\Software\Eclipse\eclipse-jee-2024-03-R-win32-x86_64\eclipse\plugins\org.eclipse.m2e.maven.runtime_3.9.600.20231203-1234\jars\httpclient-4.5.14.jar
2024-07-27 10:28:53,546 [Worker-19: Launching SpringBoot_Test_SonarQube] INFO  o.eclipse.m2e.core.internal.Bundles - 	Entry: C:\Software\Eclipse\eclipse-jee-2024-03-R-win32-x86_64\eclipse\plugins\org.eclipse.m2e.maven.runtime_3.9.600.20231203-1234\jars\httpcore-4.4.16.jar
2024-07-27 10:28:53,548 [Worker-19: Launching SpringBoot_Test_SonarQube] INFO  o.eclipse.m2e.core.internal.Bundles - 	Entry: C:\Software\Eclipse\eclipse-jee-2024-03-R-win32-x86_64\eclipse\plugins\org.eclipse.m2e.maven.runtime_3.9.600.20231203-1234\jars\jansi-2.4.0.jar
2024-07-27 10:28:53,550 [Worker-19: Launching SpringBoot_Test_SonarQube] INFO  o.eclipse.m2e.core.internal.Bundles - 	Entry: C:\Software\Eclipse\eclipse-jee-2024-03-R-win32-x86_64\eclipse\plugins\org.eclipse.m2e.maven.runtime_3.9.600.20231203-1234\jars\jcl-over-slf4j-1.7.36.jar
2024-07-27 10:28:53,554 [Worker-19: Launching SpringBoot_Test_SonarQube] INFO  o.eclipse.m2e.core.internal.Bundles - 	Entry: C:\Software\Eclipse\eclipse-jee-2024-03-R-win32-x86_64\eclipse\plugins\org.eclipse.m2e.maven.runtime_3.9.600.20231203-1234\jars\maven-artifact-3.9.6.jar
2024-07-27 10:28:53,555 [Worker-19: Launching SpringBoot_Test_SonarQube] INFO  o.eclipse.m2e.core.internal.Bundles - 	Entry: C:\Software\Eclipse\eclipse-jee-2024-03-R-win32-x86_64\eclipse\plugins\org.eclipse.m2e.maven.runtime_3.9.600.20231203-1234\jars\maven-builder-support-3.9.6.jar
2024-07-27 10:28:53,555 [Worker-19: Launching SpringBoot_Test_SonarQube] INFO  o.eclipse.m2e.core.internal.Bundles - 	Entry: C:\Software\Eclipse\eclipse-jee-2024-03-R-win32-x86_64\eclipse\plugins\org.eclipse.m2e.maven.runtime_3.9.600.20231203-1234\jars\maven-compat-3.9.6.jar
2024-07-27 10:28:53,556 [Worker-19: Launching SpringBoot_Test_SonarQube] INFO  o.eclipse.m2e.core.internal.Bundles - 	Entry: C:\Software\Eclipse\eclipse-jee-2024-03-R-win32-x86_64\eclipse\plugins\org.eclipse.m2e.maven.runtime_3.9.600.20231203-1234\jars\maven-core-3.9.6.jar
2024-07-27 10:28:53,556 [Worker-19: Launching SpringBoot_Test_SonarQube] INFO  o.eclipse.m2e.core.internal.Bundles - 	Entry: C:\Software\Eclipse\eclipse-jee-2024-03-R-win32-x86_64\eclipse\plugins\org.eclipse.m2e.maven.runtime_3.9.600.20231203-1234\jars\maven-embedder-3.9.6.jar
2024-07-27 10:28:53,556 [Worker-19: Launching SpringBoot_Test_SonarQube] INFO  o.eclipse.m2e.core.internal.Bundles - 	Entry: C:\Software\Eclipse\eclipse-jee-2024-03-R-win32-x86_64\eclipse\plugins\org.eclipse.m2e.maven.runtime_3.9.600.20231203-1234\jars\maven-model-3.9.6.jar
2024-07-27 10:28:53,557 [Worker-19: Launching SpringBoot_Test_SonarQube] INFO  o.eclipse.m2e.core.internal.Bundles - 	Entry: C:\Software\Eclipse\eclipse-jee-2024-03-R-win32-x86_64\eclipse\plugins\org.eclipse.m2e.maven.runtime_3.9.600.20231203-1234\jars\maven-model-builder-3.9.6.jar
2024-07-27 10:28:53,558 [Worker-19: Launching SpringBoot_Test_SonarQube] INFO  o.eclipse.m2e.core.internal.Bundles - 	Entry: C:\Software\Eclipse\eclipse-jee-2024-03-R-win32-x86_64\eclipse\plugins\org.eclipse.m2e.maven.runtime_3.9.600.20231203-1234\jars\maven-plugin-api-3.9.6.jar
2024-07-27 10:28:53,559 [Worker-19: Launching SpringBoot_Test_SonarQube] INFO  o.eclipse.m2e.core.internal.Bundles - 	Entry: C:\Software\Eclipse\eclipse-jee-2024-03-R-win32-x86_64\eclipse\plugins\org.eclipse.m2e.maven.runtime_3.9.600.20231203-1234\jars\maven-repository-metadata-3.9.6.jar
2024-07-27 10:28:53,560 [Worker-19: Launching SpringBoot_Test_SonarQube] INFO  o.eclipse.m2e.core.internal.Bundles - 	Entry: C:\Software\Eclipse\eclipse-jee-2024-03-R-win32-x86_64\eclipse\plugins\org.eclipse.m2e.maven.runtime_3.9.600.20231203-1234\jars\maven-resolver-api-1.9.18.jar
2024-07-27 10:28:53,560 [Worker-19: Launching SpringBoot_Test_SonarQube] INFO  o.eclipse.m2e.core.internal.Bundles - 	Entry: C:\Software\Eclipse\eclipse-jee-2024-03-R-win32-x86_64\eclipse\plugins\org.eclipse.m2e.maven.runtime_3.9.600.20231203-1234\jars\maven-resolver-connector-basic-1.9.18.jar
2024-07-27 10:28:53,560 [Worker-19: Launching SpringBoot_Test_SonarQube] INFO  o.eclipse.m2e.core.internal.Bundles - 	Entry: C:\Software\Eclipse\eclipse-jee-2024-03-R-win32-x86_64\eclipse\plugins\org.eclipse.m2e.maven.runtime_3.9.600.20231203-1234\jars\maven-resolver-impl-1.9.18.jar
2024-07-27 10:28:53,564 [Worker-19: Launching SpringBoot_Test_SonarQube] INFO  o.eclipse.m2e.core.internal.Bundles - 	Entry: C:\Software\Eclipse\eclipse-jee-2024-03-R-win32-x86_64\eclipse\plugins\org.eclipse.m2e.maven.runtime_3.9.600.20231203-1234\jars\maven-resolver-named-locks-1.9.18.jar
2024-07-27 10:28:53,565 [Worker-19: Launching SpringBoot_Test_SonarQube] INFO  o.eclipse.m2e.core.internal.Bundles - 	Entry: C:\Software\Eclipse\eclipse-jee-2024-03-R-win32-x86_64\eclipse\plugins\org.eclipse.m2e.maven.runtime_3.9.600.20231203-1234\jars\maven-resolver-provider-3.9.6.jar
2024-07-27 10:28:53,565 [Worker-19: Launching SpringBoot_Test_SonarQube] INFO  o.eclipse.m2e.core.internal.Bundles - 	Entry: C:\Software\Eclipse\eclipse-jee-2024-03-R-win32-x86_64\eclipse\plugins\org.eclipse.m2e.maven.runtime_3.9.600.20231203-1234\jars\maven-resolver-spi-1.9.18.jar
2024-07-27 10:28:53,566 [Worker-19: Launching SpringBoot_Test_SonarQube] INFO  o.eclipse.m2e.core.internal.Bundles - 	Entry: C:\Software\Eclipse\eclipse-jee-2024-03-R-win32-x86_64\eclipse\plugins\org.eclipse.m2e.maven.runtime_3.9.600.20231203-1234\jars\maven-resolver-transport-file-1.9.18.jar
2024-07-27 10:28:53,567 [Worker-19: Launching SpringBoot_Test_SonarQube] INFO  o.eclipse.m2e.core.internal.Bundles - 	Entry: C:\Software\Eclipse\eclipse-jee-2024-03-R-win32-x86_64\eclipse\plugins\org.eclipse.m2e.maven.runtime_3.9.600.20231203-1234\jars\maven-resolver-transport-http-1.9.18.jar
2024-07-27 10:28:53,567 [Worker-19: Launching SpringBoot_Test_SonarQube] INFO  o.eclipse.m2e.core.internal.Bundles - 	Entry: C:\Software\Eclipse\eclipse-jee-2024-03-R-win32-x86_64\eclipse\plugins\org.eclipse.m2e.maven.runtime_3.9.600.20231203-1234\jars\maven-resolver-transport-wagon-1.9.18.jar
2024-07-27 10:28:53,568 [Worker-19: Launching SpringBoot_Test_SonarQube] INFO  o.eclipse.m2e.core.internal.Bundles - 	Entry: C:\Software\Eclipse\eclipse-jee-2024-03-R-win32-x86_64\eclipse\plugins\org.eclipse.m2e.maven.runtime_3.9.600.20231203-1234\jars\maven-resolver-util-1.9.18.jar
2024-07-27 10:28:53,568 [Worker-19: Launching SpringBoot_Test_SonarQube] INFO  o.eclipse.m2e.core.internal.Bundles - 	Entry: C:\Software\Eclipse\eclipse-jee-2024-03-R-win32-x86_64\eclipse\plugins\org.eclipse.m2e.maven.runtime_3.9.600.20231203-1234\jars\maven-settings-3.9.6.jar
2024-07-27 10:28:53,569 [Worker-19: Launching SpringBoot_Test_SonarQube] INFO  o.eclipse.m2e.core.internal.Bundles - 	Entry: C:\Software\Eclipse\eclipse-jee-2024-03-R-win32-x86_64\eclipse\plugins\org.eclipse.m2e.maven.runtime_3.9.600.20231203-1234\jars\maven-settings-builder-3.9.6.jar
2024-07-27 10:28:53,569 [Worker-19: Launching SpringBoot_Test_SonarQube] INFO  o.eclipse.m2e.core.internal.Bundles - 	Entry: C:\Software\Eclipse\eclipse-jee-2024-03-R-win32-x86_64\eclipse\plugins\org.eclipse.m2e.maven.runtime_3.9.600.20231203-1234\jars\maven-shared-utils-3.3.4.jar
2024-07-27 10:28:53,570 [Worker-19: Launching SpringBoot_Test_SonarQube] INFO  o.eclipse.m2e.core.internal.Bundles - 	Entry: C:\Software\Eclipse\eclipse-jee-2024-03-R-win32-x86_64\eclipse\plugins\org.eclipse.m2e.maven.runtime_3.9.600.20231203-1234\jars\org.eclipse.sisu.inject-0.9.0.M2.jar
2024-07-27 10:28:53,570 [Worker-19: Launching SpringBoot_Test_SonarQube] INFO  o.eclipse.m2e.core.internal.Bundles - 	Entry: C:\Software\Eclipse\eclipse-jee-2024-03-R-win32-x86_64\eclipse\plugins\org.eclipse.m2e.maven.runtime_3.9.600.20231203-1234\jars\org.eclipse.sisu.plexus-0.9.0.M2.jar
2024-07-27 10:28:53,572 [Worker-19: Launching SpringBoot_Test_SonarQube] INFO  o.eclipse.m2e.core.internal.Bundles - 	Entry: C:\Software\Eclipse\eclipse-jee-2024-03-R-win32-x86_64\eclipse\plugins\org.eclipse.m2e.maven.runtime_3.9.600.20231203-1234\jars\plexus-build-api-0.0.7.jar
2024-07-27 10:28:53,572 [Worker-19: Launching SpringBoot_Test_SonarQube] INFO  o.eclipse.m2e.core.internal.Bundles - 	Entry: C:\Software\Eclipse\eclipse-jee-2024-03-R-win32-x86_64\eclipse\plugins\org.eclipse.m2e.maven.runtime_3.9.600.20231203-1234\jars\plexus-cipher-2.0.jar
2024-07-27 10:28:53,573 [Worker-19: Launching SpringBoot_Test_SonarQube] INFO  o.eclipse.m2e.core.internal.Bundles - 	Entry: C:\Software\Eclipse\eclipse-jee-2024-03-R-win32-x86_64\eclipse\plugins\org.eclipse.m2e.maven.runtime_3.9.600.20231203-1234\jars\plexus-classworlds-2.7.0.jar
2024-07-27 10:28:53,573 [Worker-19: Launching SpringBoot_Test_SonarQube] INFO  o.eclipse.m2e.core.internal.Bundles - 	Entry: C:\Software\Eclipse\eclipse-jee-2024-03-R-win32-x86_64\eclipse\plugins\org.eclipse.m2e.maven.runtime_3.9.600.20231203-1234\jars\plexus-component-annotations-2.1.0.jar
2024-07-27 10:28:53,574 [Worker-19: Launching SpringBoot_Test_SonarQube] INFO  o.eclipse.m2e.core.internal.Bundles - 	Entry: C:\Software\Eclipse\eclipse-jee-2024-03-R-win32-x86_64\eclipse\plugins\org.eclipse.m2e.maven.runtime_3.9.600.20231203-1234\jars\plexus-interpolation-1.26.jar
2024-07-27 10:28:53,579 [Worker-19: Launching SpringBoot_Test_SonarQube] INFO  o.eclipse.m2e.core.internal.Bundles - 	Entry: C:\Software\Eclipse\eclipse-jee-2024-03-R-win32-x86_64\eclipse\plugins\org.eclipse.m2e.maven.runtime_3.9.600.20231203-1234\jars\plexus-sec-dispatcher-2.0.jar
2024-07-27 10:28:53,581 [Worker-19: Launching SpringBoot_Test_SonarQube] INFO  o.eclipse.m2e.core.internal.Bundles - 	Entry: C:\Software\Eclipse\eclipse-jee-2024-03-R-win32-x86_64\eclipse\plugins\org.eclipse.m2e.maven.runtime_3.9.600.20231203-1234\jars\plexus-utils-3.5.1.jar
2024-07-27 10:28:53,581 [Worker-19: Launching SpringBoot_Test_SonarQube] INFO  o.eclipse.m2e.core.internal.Bundles - 	Entry: C:\Software\Eclipse\eclipse-jee-2024-03-R-win32-x86_64\eclipse\plugins\org.eclipse.m2e.maven.runtime_3.9.600.20231203-1234\jars\wagon-file-3.5.3.jar
2024-07-27 10:28:53,582 [Worker-19: Launching SpringBoot_Test_SonarQube] INFO  o.eclipse.m2e.core.internal.Bundles - 	Entry: C:\Software\Eclipse\eclipse-jee-2024-03-R-win32-x86_64\eclipse\plugins\org.eclipse.m2e.maven.runtime_3.9.600.20231203-1234\jars\wagon-http-3.5.3.jar
2024-07-27 10:28:53,583 [Worker-19: Launching SpringBoot_Test_SonarQube] INFO  o.eclipse.m2e.core.internal.Bundles - 	Entry: C:\Software\Eclipse\eclipse-jee-2024-03-R-win32-x86_64\eclipse\plugins\org.eclipse.m2e.maven.runtime_3.9.600.20231203-1234\jars\wagon-http-shared-3.5.3.jar
2024-07-27 10:28:53,583 [Worker-19: Launching SpringBoot_Test_SonarQube] INFO  o.eclipse.m2e.core.internal.Bundles - 	Entry: C:\Software\Eclipse\eclipse-jee-2024-03-R-win32-x86_64\eclipse\plugins\org.eclipse.m2e.maven.runtime_3.9.600.20231203-1234\jars\wagon-provider-api-3.5.3.jar
2024-07-27 10:28:53,585 [Worker-19: Launching SpringBoot_Test_SonarQube] INFO  o.eclipse.m2e.core.internal.Bundles - getClasspathEntries(Bundle=com.google.guava_33.0.0.jre [14])
2024-07-27 10:28:53,585 [Worker-19: Launching SpringBoot_Test_SonarQube] INFO  o.eclipse.m2e.core.internal.Bundles - 	Entry: C:\Software\Eclipse\eclipse-jee-2024-03-R-win32-x86_64\eclipse\plugins\com.google.guava_33.0.0.jre.jar
2024-07-27 10:28:53,585 [Worker-19: Launching SpringBoot_Test_SonarQube] INFO  o.eclipse.m2e.core.internal.Bundles - getClasspathEntries(Bundle=slf4j.api_2.0.12 [1001])
2024-07-27 10:28:53,586 [Worker-19: Launching SpringBoot_Test_SonarQube] INFO  o.eclipse.m2e.core.internal.Bundles - 	Entry: C:\Software\Eclipse\eclipse-jee-2024-03-R-win32-x86_64\eclipse\plugins\slf4j.api_2.0.12.jar
2024-07-27 10:28:53,586 [Worker-19: Launching SpringBoot_Test_SonarQube] INFO  o.eclipse.m2e.core.internal.Bundles - getClasspathEntries(Bundle=jakarta.inject.jakarta.inject-api_1.0.5 [32])
2024-07-27 10:28:53,586 [Worker-19: Launching SpringBoot_Test_SonarQube] INFO  o.eclipse.m2e.core.internal.Bundles - 	Entry: C:\Software\Eclipse\eclipse-jee-2024-03-R-win32-x86_64\eclipse\plugins\jakarta.inject.jakarta.inject-api_1.0.5.jar
2024-07-27 10:28:53,587 [Worker-19: Launching SpringBoot_Test_SonarQube] INFO  o.eclipse.m2e.core.internal.Bundles - getClasspathEntries(Bundle=jakarta.annotation-api_1.3.5 [27])
2024-07-27 10:28:53,587 [Worker-19: Launching SpringBoot_Test_SonarQube] INFO  o.eclipse.m2e.core.internal.Bundles - 	Entry: C:\Software\Eclipse\eclipse-jee-2024-03-R-win32-x86_64\eclipse\plugins\jakarta.annotation-api_1.3.5.jar
2024-07-27 10:28:53,587 [Worker-19: Launching SpringBoot_Test_SonarQube] INFO  o.eclipse.m2e.core.internal.Bundles - getClasspathEntries(Bundle=org.apache.commons.cli_1.6.0 [75])
2024-07-27 10:28:53,588 [Worker-19: Launching SpringBoot_Test_SonarQube] INFO  o.eclipse.m2e.core.internal.Bundles - 	Entry: C:\Software\Eclipse\eclipse-jee-2024-03-R-win32-x86_64\eclipse\plugins\org.apache.commons.cli_1.6.0.jar
2024-07-27 10:28:53,588 [Worker-19: Launching SpringBoot_Test_SonarQube] INFO  o.eclipse.m2e.core.internal.Bundles - getClasspathEntries(Bundle=org.apache.commons.commons-codec_1.16.0 [78])
2024-07-27 10:28:53,588 [Worker-19: Launching SpringBoot_Test_SonarQube] INFO  o.eclipse.m2e.core.internal.Bundles - 	Entry: C:\Software\Eclipse\eclipse-jee-2024-03-R-win32-x86_64\eclipse\plugins\org.apache.commons.commons-codec_1.16.0.jar
2024-07-27 10:28:53,588 [Worker-19: Launching SpringBoot_Test_SonarQube] INFO  o.eclipse.m2e.core.internal.Bundles - getClasspathEntries(Bundle=org.apache.commons.lang3_3.14.0 [86])
2024-07-27 10:28:53,589 [Worker-19: Launching SpringBoot_Test_SonarQube] INFO  o.eclipse.m2e.core.internal.Bundles - 	Entry: C:\Software\Eclipse\eclipse-jee-2024-03-R-win32-x86_64\eclipse\plugins\org.apache.commons.lang3_3.14.0.jar
2024-07-27 10:28:53,589 [Worker-19: Launching SpringBoot_Test_SonarQube] INFO  o.eclipse.m2e.core.internal.Bundles - getClasspathEntries(Bundle=com.google.guava.failureaccess_1.0.2 [15])
2024-07-27 10:28:53,589 [Worker-19: Launching SpringBoot_Test_SonarQube] INFO  o.eclipse.m2e.core.internal.Bundles - 	Entry: C:\Software\Eclipse\eclipse-jee-2024-03-R-win32-x86_64\eclipse\plugins\com.google.guava.failureaccess_1.0.2.jar
2024-07-27 10:28:53,597 [Worker-19: Launching SpringBoot_Test_SonarQube] INFO  o.e.m.i.launch.MavenLaunchDelegate - Run build in "C:\Users\HP\OneDrive\Desktop\java\SpringBoot_Test_SonarQube":
2024-07-27 10:28:53,603 [Worker-19: Launching SpringBoot_Test_SonarQube] INFO  o.e.m.i.launch.MavenLaunchDelegate -  mvn  -Psonar -B -Dstyle.color=always clean verify sonar:sonar -Dsonar.projectKey=SpringBoot-mail-Sonarqube-test  -Dsonar.host.url=http://localhost:9000  -Dsonar.login=120c7d9b6ce972a19c0f38162342a2098df0a806
